yarn audit v1.22.22
[90m┌───────────────[39m[90m┬──────────────────────────────────────────────────────────────┐[39m
[90m│[39m low           [90m│[39m brace-expansion Regular Expression Denial of Service         [90m│[39m
[90m│[39m               [90m│[39m vulnerability                                                [90m│[39m
[90m├───────────────[39m[90m┼──────────────────────────────────────────────────────────────┤[39m
[90m│[39m Package       [90m│[39m brace-expansion                                              [90m│[39m
[90m├───────────────[39m[90m┼──────────────────────────────────────────────────────────────┤[39m
[90m│[39m Patched in    [90m│[39m >=1.1.12                                                     [90m│[39m
[90m├───────────────[39m[90m┼──────────────────────────────────────────────────────────────┤[39m
[90m│[39m Dependency of [90m│[39m eslint                                                       [90m│[39m
[90m├───────────────[39m[90m┼──────────────────────────────────────────────────────────────┤[39m
[90m│[39m Path          [90m│[39m eslint > minimatch > brace-expansion                         [90m│[39m
[90m├───────────────[39m[90m┼──────────────────────────────────────────────────────────────┤[39m
[90m│[39m More info     [90m│[39m https://www.npmjs.com/advisories/1105443                     [90m│[39m
[90m└───────────────[39m[90m┴──────────────────────────────────────────────────────────────┘[39m
[90m┌───────────────[39m[90m┬──────────────────────────────────────────────────────────────┐[39m
[90m│[39m low           [90m│[39m brace-expansion Regular Expression Denial of Service         [90m│[39m
[90m│[39m               [90m│[39m vulnerability                                                [90m│[39m
[90m├───────────────[39m[90m┼──────────────────────────────────────────────────────────────┤[39m
[90m│[39m Package       [90m│[39m brace-expansion                                              [90m│[39m
[90m├───────────────[39m[90m┼──────────────────────────────────────────────────────────────┤[39m
[90m│[39m Patched in    [90m│[39m >=1.1.12                                                     [90m│[39m
[90m├───────────────[39m[90m┼──────────────────────────────────────────────────────────────┤[39m
[90m│[39m Dependency of [90m│[39m eslint                                                       [90m│[39m
[90m├───────────────[39m[90m┼──────────────────────────────────────────────────────────────┤[39m
[90m│[39m Path          [90m│[39m eslint > @eslint/config-array > minimatch > brace-expansion  [90m│[39m
[90m├───────────────[39m[90m┼──────────────────────────────────────────────────────────────┤[39m
[90m│[39m More info     [90m│[39m https://www.npmjs.com/advisories/1105443                     [90m│[39m
[90m└───────────────[39m[90m┴──────────────────────────────────────────────────────────────┘[39m
[90m┌───────────────[39m[90m┬──────────────────────────────────────────────────────────────┐[39m
[90m│[39m high          [90m│[39m minimatch has a ReDoS via repeated wildcards with            [90m│[39m
[90m│[39m               [90m│[39m non-matching literal in pattern                              [90m│[39m
[90m├───────────────[39m[90m┼──────────────────────────────────────────────────────────────┤[39m
[90m│[39m Package       [90m│[39m minimatch                                                    [90m│[39m
[90m├───────────────[39m[90m┼──────────────────────────────────────────────────────────────┤[39m
[90m│[39m Patched in    [90m│[39m >=3.1.3                                                      [90m│[39m
[90m├───────────────[39m[90m┼──────────────────────────────────────────────────────────────┤[39m
[90m│[39m Dependency of [90m│[39m eslint                                                       [90m│[39m
[90m├───────────────[39m[90m┼──────────────────────────────────────────────────────────────┤[39m
[90m│[39m Path          [90m│[39m eslint > minimatch                                           [90m│[39m
[90m├───────────────[39m[90m┼──────────────────────────────────────────────────────────────┤[39m
[90m│[39m More info     [90m│[39m https://www.npmjs.com/advisories/1113459                     [90m│[39m
[90m└───────────────[39m[90m┴──────────────────────────────────────────────────────────────┘[39m
[90m┌───────────────[39m[90m┬──────────────────────────────────────────────────────────────┐[39m
[90m│[39m high          [90m│[39m minimatch has a ReDoS via repeated wildcards with            [90m│[39m
[90m│[39m               [90m│[39m non-matching literal in pattern                              [90m│[39m
[90m├───────────────[39m[90m┼──────────────────────────────────────────────────────────────┤[39m
[90m│[39m Package       [90m│[39m minimatch                                                    [90m│[39m
[90m├───────────────[39m[90m┼──────────────────────────────────────────────────────────────┤[39m
[90m│[39m Patched in    [90m│[39m >=3.1.3                                                      [90m│[39m
[90m├───────────────[39m[90m┼──────────────────────────────────────────────────────────────┤[39m
[90m│[39m Dependency of [90m│[39m eslint                                                       [90m│[39m
[90m├───────────────[39m[90m┼──────────────────────────────────────────────────────────────┤[39m
[90m│[39m Path          [90m│[39m eslint > @eslint/config-array > minimatch                    [90m│[39m
[90m├───────────────[39m[90m┼──────────────────────────────────────────────────────────────┤[39m
[90m│[39m More info     [90m│[39m https://www.npmjs.com/advisories/1113459                     [90m│[39m
[90m└───────────────[39m[90m┴──────────────────────────────────────────────────────────────┘[39m
[90m┌───────────────[39m[90m┬──────────────────────────────────────────────────────────────┐[39m
[90m│[39m high          [90m│[39m minimatch has ReDoS: matchOne() combinatorial backtracking   [90m│[39m
[90m│[39m               [90m│[39m via multiple non-adjacent GLOBSTAR segments                  [90m│[39m
[90m├───────────────[39m[90m┼──────────────────────────────────────────────────────────────┤[39m
[90m│[39m Package       [90m│[39m minimatch                                                    [90m│[39m
[90m├───────────────[39m[90m┼──────────────────────────────────────────────────────────────┤[39m
[90m│[39m Patched in    [90m│[39m >=3.1.3                                                      [90m│[39m
[90m├───────────────[39m[90m┼──────────────────────────────────────────────────────────────┤[39m
[90m│[39m Dependency of [90m│[39m eslint                                                       [90m│[39m
[90m├───────────────[39m[90m┼──────────────────────────────────────────────────────────────┤[39m
[90m│[39m Path          [90m│[39m eslint > minimatch                                           [90m│[39m
[90m├───────────────[39m[90m┼──────────────────────────────────────────────────────────────┤[39m
[90m│[39m More info     [90m│[39m https://www.npmjs.com/advisories/1113538                     [90m│[39m
[90m└───────────────[39m[90m┴──────────────────────────────────────────────────────────────┘[39m
[90m┌───────────────[39m[90m┬──────────────────────────────────────────────────────────────┐[39m
[90m│[39m high          [90m│[39m minimatch has ReDoS: matchOne() combinatorial backtracking   [90m│[39m
[90m│[39m               [90m│[39m via multiple non-adjacent GLOBSTAR segments                  [90m│[39m
[90m├───────────────[39m[90m┼──────────────────────────────────────────────────────────────┤[39m
[90m│[39m Package       [90m│[39m minimatch                                                    [90m│[39m
[90m├───────────────[39m[90m┼──────────────────────────────────────────────────────────────┤[39m
[90m│[39m Patched in    [90m│[39m >=3.1.3                                                      [90m│[39m
[90m├───────────────[39m[90m┼──────────────────────────────────────────────────────────────┤[39m
[90m│[39m Dependency of [90m│[39m eslint                                                       [90m│[39m
[90m├───────────────[39m[90m┼──────────────────────────────────────────────────────────────┤[39m
[90m│[39m Path          [90m│[39m eslint > @eslint/config-array > minimatch                    [90m│[39m
[90m├───────────────[39m[90m┼──────────────────────────────────────────────────────────────┤[39m
[90m│[39m More info     [90m│[39m https://www.npmjs.com/advisories/1113538                     [90m│[39m
[90m└───────────────[39m[90m┴──────────────────────────────────────────────────────────────┘[39m
[90m┌───────────────[39m[90m┬──────────────────────────────────────────────────────────────┐[39m
[90m│[39m high          [90m│[39m minimatch ReDoS: nested *() extglobs generate                [90m│[39m
[90m│[39m               [90m│[39m catastrophically backtracking regular expressions            [90m│[39m
[90m├───────────────[39m[90m┼──────────────────────────────────────────────────────────────┤[39m
[90m│[39m Package       [90m│[39m minimatch                                                    [90m│[39m
[90m├───────────────[39m[90m┼──────────────────────────────────────────────────────────────┤[39m
[90m│[39m Patched in    [90m│[39m >=3.1.4                                                      [90m│[39m
[90m├───────────────[39m[90m┼──────────────────────────────────────────────────────────────┤[39m
[90m│[39m Dependency of [90m│[39m eslint                                                       [90m│[39m
[90m├───────────────[39m[90m┼──────────────────────────────────────────────────────────────┤[39m
[90m│[39m Path          [90m│[39m eslint > minimatch                                           [90m│[39m
[90m├───────────────[39m[90m┼──────────────────────────────────────────────────────────────┤[39m
[90m│[39m More info     [90m│[39m https://www.npmjs.com/advisories/1113546                     [90m│[39m
[90m└───────────────[39m[90m┴──────────────────────────────────────────────────────────────┘[39m
[90m┌───────────────[39m[90m┬──────────────────────────────────────────────────────────────┐[39m
[90m│[39m high          [90m│[39m minimatch ReDoS: nested *() extglobs generate                [90m│[39m
[90m│[39m               [90m│[39m catastrophically backtracking regular expressions            [90m│[39m
[90m├───────────────[39m[90m┼──────────────────────────────────────────────────────────────┤[39m
[90m│[39m Package       [90m│[39m minimatch                                                    [90m│[39m
[90m├───────────────[39m[90m┼──────────────────────────────────────────────────────────────┤[39m
[90m│[39m Patched in    [90m│[39m >=3.1.4                                                      [90m│[39m
[90m├───────────────[39m[90m┼──────────────────────────────────────────────────────────────┤[39m
[90m│[39m Dependency of [90m│[39m eslint                                                       [90m│[39m
[90m├───────────────[39m[90m┼──────────────────────────────────────────────────────────────┤[39m
[90m│[39m Path          [90m│[39m eslint > @eslint/config-array > minimatch                    [90m│[39m
[90m├───────────────[39m[90m┼──────────────────────────────────────────────────────────────┤[39m
[90m│[39m More info     [90m│[39m https://www.npmjs.com/advisories/1113546                     [90m│[39m
[90m└───────────────[39m[90m┴──────────────────────────────────────────────────────────────┘[39m
[90m┌───────────────[39m[90m┬──────────────────────────────────────────────────────────────┐[39m
[90m│[39m moderate      [90m│[39m ajv has ReDoS when using `$data` option                      [90m│[39m
[90m├───────────────[39m[90m┼──────────────────────────────────────────────────────────────┤[39m
[90m│[39m Package       [90m│[39m ajv                                                          [90m│[39m
[90m├───────────────[39m[90m┼──────────────────────────────────────────────────────────────┤[39m
[90m│[39m Patched in    [90m│[39m >=6.14.0                                                     [90m│[39m
[90m├───────────────[39m[90m┼──────────────────────────────────────────────────────────────┤[39m
[90m│[39m Dependency of [90m│[39m eslint                                                       [90m│[39m
[90m├───────────────[39m[90m┼──────────────────────────────────────────────────────────────┤[39m
[90m│[39m Path          [90m│[39m eslint > @eslint/eslintrc > ajv                              [90m│[39m
[90m├───────────────[39m[90m┼──────────────────────────────────────────────────────────────┤[39m
[90m│[39m More info     [90m│[39m https://www.npmjs.com/advisories/1113714                     [90m│[39m
[90m└───────────────[39m[90m┴──────────────────────────────────────────────────────────────┘[39m
[90m┌───────────────[39m[90m┬──────────────────────────────────────────────────────────────┐[39m
[90m│[39m moderate      [90m│[39m brace-expansion: Zero-step sequence causes process hang and  [90m│[39m
[90m│[39m               [90m│[39m memory exhaustion                                            [90m│[39m
[90m├───────────────[39m[90m┼──────────────────────────────────────────────────────────────┤[39m
[90m│[39m Package       [90m│[39m brace-expansion                                              [90m│[39m
[90m├───────────────[39m[90m┼──────────────────────────────────────────────────────────────┤[39m
[90m│[39m Patched in    [90m│[39m >=1.1.13                                                     [90m│[39m
[90m├───────────────[39m[90m┼──────────────────────────────────────────────────────────────┤[39m
[90m│[39m Dependency of [90m│[39m eslint                                                       [90m│[39m
[90m├───────────────[39m[90m┼──────────────────────────────────────────────────────────────┤[39m
[90m│[39m Path          [90m│[39m eslint > minimatch > brace-expansion                         [90m│[39m
[90m├───────────────[39m[90m┼──────────────────────────────────────────────────────────────┤[39m
[90m│[39m More info     [90m│[39m https://www.npmjs.com/advisories/1115540                     [90m│[39m
[90m└───────────────[39m[90m┴──────────────────────────────────────────────────────────────┘[39m
[90m┌───────────────[39m[90m┬──────────────────────────────────────────────────────────────┐[39m
[90m│[39m moderate      [90m│[39m brace-expansion: Zero-step sequence causes process hang and  [90m│[39m
[90m│[39m               [90m│[39m memory exhaustion                                            [90m│[39m
[90m├───────────────[39m[90m┼──────────────────────────────────────────────────────────────┤[39m
[90m│[39m Package       [90m│[39m brace-expansion                                              [90m│[39m
[90m├───────────────[39m[90m┼──────────────────────────────────────────────────────────────┤[39m
[90m│[39m Patched in    [90m│[39m >=1.1.13                                                     [90m│[39m
[90m├───────────────[39m[90m┼──────────────────────────────────────────────────────────────┤[39m
[90m│[39m Dependency of [90m│[39m eslint                                                       [90m│[39m
[90m├───────────────[39m[90m┼──────────────────────────────────────────────────────────────┤[39m
[90m│[39m Path          [90m│[39m eslint > @eslint/config-array > minimatch > brace-expansion  [90m│[39m
[90m├───────────────[39m[90m┼──────────────────────────────────────────────────────────────┤[39m
[90m│[39m More info     [90m│[39m https://www.npmjs.com/advisories/1115540                     [90m│[39m
[90m└───────────────[39m[90m┴──────────────────────────────────────────────────────────────┘[39m
[90m┌───────────────[39m[90m┬──────────────────────────────────────────────────────────────┐[39m
[90m│[39m high          [90m│[39m brace-expansion: DoS via exponential-time expansion of       [90m│[39m
[90m│[39m               [90m│[39m consecutive non-expanding {} groups                          [90m│[39m
[90m├───────────────[39m[90m┼──────────────────────────────────────────────────────────────┤[39m
[90m│[39m Package       [90m│[39m brace-expansion                                              [90m│[39m
[90m├───────────────[39m[90m┼──────────────────────────────────────────────────────────────┤[39m
[90m│[39m Patched in    [90m│[39m >=1.1.16                                                     [90m│[39m
[90m├───────────────[39m[90m┼──────────────────────────────────────────────────────────────┤[39m
[90m│[39m Dependency of [90m│[39m eslint                                                       [90m│[39m
[90m├───────────────[39m[90m┼──────────────────────────────────────────────────────────────┤[39m
[90m│[39m Path          [90m│[39m eslint > minimatch > brace-expansion                         [90m│[39m
[90m├───────────────[39m[90m┼──────────────────────────────────────────────────────────────┤[39m
[90m│[39m More info     [90m│[39m https://www.npmjs.com/advisories/1123897                     [90m│[39m
[90m└───────────────[39m[90m┴──────────────────────────────────────────────────────────────┘[39m
[90m┌───────────────[39m[90m┬──────────────────────────────────────────────────────────────┐[39m
[90m│[39m high          [90m│[39m brace-expansion: DoS via exponential-time expansion of       [90m│[39m
[90m│[39m               [90m│[39m consecutive non-expanding {} groups                          [90m│[39m
[90m├───────────────[39m[90m┼──────────────────────────────────────────────────────────────┤[39m
[90m│[39m Package       [90m│[39m brace-expansion                                              [90m│[39m
[90m├───────────────[39m[90m┼──────────────────────────────────────────────────────────────┤[39m
[90m│[39m Patched in    [90m│[39m >=1.1.16                                                     [90m│[39m
[90m├───────────────[39m[90m┼──────────────────────────────────────────────────────────────┤[39m
[90m│[39m Dependency of [90m│[39m eslint                                                       [90m│[39m
[90m├───────────────[39m[90m┼──────────────────────────────────────────────────────────────┤[39m
[90m│[39m Path          [90m│[39m eslint > @eslint/config-array > minimatch > brace-expansion  [90m│[39m
[90m├───────────────[39m[90m┼──────────────────────────────────────────────────────────────┤[39m
[90m│[39m More info     [90m│[39m https://www.npmjs.com/advisories/1123897                     [90m│[39m
[90m└───────────────[39m[90m┴──────────────────────────────────────────────────────────────┘[39m
[90m┌───────────────[39m[90m┬──────────────────────────────────────────────────────────────┐[39m
[90m│[39m high          [90m│[39m brace-expansion: DoS via unbounded expansion length causing  [90m│[39m
[90m│[39m               [90m│[39m an out-of-memory process crash                               [90m│[39m
[90m├───────────────[39m[90m┼──────────────────────────────────────────────────────────────┤[39m
[90m│[39m Package       [90m│[39m brace-expansion                                              [90m│[39m
[90m├───────────────[39m[90m┼──────────────────────────────────────────────────────────────┤[39m
[90m│[39m Patched in    [90m│[39m >=1.1.17                                                     [90m│[39m
[90m├───────────────[39m[90m┼──────────────────────────────────────────────────────────────┤[39m
[90m│[39m Dependency of [90m│[39m eslint                                                       [90m│[39m
[90m├───────────────[39m[90m┼──────────────────────────────────────────────────────────────┤[39m
[90m│[39m Path          [90m│[39m eslint > minimatch > brace-expansion                         [90m│[39m
[90m├───────────────[39m[90m┼──────────────────────────────────────────────────────────────┤[39m
[90m│[39m More info     [90m│[39m https://www.npmjs.com/advisories/1130588                     [90m│[39m
[90m└───────────────[39m[90m┴──────────────────────────────────────────────────────────────┘[39m
[90m┌───────────────[39m[90m┬──────────────────────────────────────────────────────────────┐[39m
[90m│[39m high          [90m│[39m brace-expansion: DoS via unbounded expansion length causing  [90m│[39m
[90m│[39m               [90m│[39m an out-of-memory process crash                               [90m│[39m
[90m├───────────────[39m[90m┼──────────────────────────────────────────────────────────────┤[39m
[90m│[39m Package       [90m│[39m brace-expansion                                              [90m│[39m
[90m├───────────────[39m[90m┼──────────────────────────────────────────────────────────────┤[39m
[90m│[39m Patched in    [90m│[39m >=1.1.17                                                     [90m│[39m
[90m├───────────────[39m[90m┼──────────────────────────────────────────────────────────────┤[39m
[90m│[39m Dependency of [90m│[39m eslint                                                       [90m│[39m
[90m├───────────────[39m[90m┼──────────────────────────────────────────────────────────────┤[39m
[90m│[39m Path          [90m│[39m eslint > @eslint/config-array > minimatch > brace-expansion  [90m│[39m
[90m├───────────────[39m[90m┼──────────────────────────────────────────────────────────────┤[39m
[90m│[39m More info     [90m│[39m https://www.npmjs.com/advisories/1130588                     [90m│[39m
[90m└───────────────[39m[90m┴──────────────────────────────────────────────────────────────┘[39m
[90m┌───────────────[39m[90m┬──────────────────────────────────────────────────────────────┐[39m
[90m│[39m high          [90m│[39m brace-expansion: DoS via unbounded intermediate arrays,      [90m│[39m
[90m│[39m               [90m│[39m bypassing the CVE-2026-14257 mitigation                      [90m│[39m
[90m├───────────────[39m[90m┼──────────────────────────────────────────────────────────────┤[39m
[90m│[39m Package       [90m│[39m brace-expansion                                              [90m│[39m
[90m├───────────────[39m[90m┼──────────────────────────────────────────────────────────────┤[39m
[90m│[39m Patched in    [90m│[39m >=1.1.18                                                     [90m│[39m
[90m├───────────────[39m[90m┼──────────────────────────────────────────────────────────────┤[39m
[90m│[39m Dependency of [90m│[39m eslint                                                       [90m│[39m
[90m├───────────────[39m[90m┼──────────────────────────────────────────────────────────────┤[39m
[90m│[39m Path          [90m│[39m eslint > minimatch > brace-expansion                         [90m│[39m
[90m├───────────────[39m[90m┼──────────────────────────────────────────────────────────────┤[39m
[90m│[39m More info     [90m│[39m https://www.npmjs.com/advisories/1130737                     [90m│[39m
[90m└───────────────[39m[90m┴──────────────────────────────────────────────────────────────┘[39m
[90m┌───────────────[39m[90m┬──────────────────────────────────────────────────────────────┐[39m
[90m│[39m high          [90m│[39m brace-expansion: DoS via unbounded intermediate arrays,      [90m│[39m
[90m│[39m               [90m│[39m bypassing the CVE-2026-14257 mitigation                      [90m│[39m
[90m├───────────────[39m[90m┼──────────────────────────────────────────────────────────────┤[39m
[90m│[39m Package       [90m│[39m brace-expansion                                              [90m│[39m
[90m├───────────────[39m[90m┼──────────────────────────────────────────────────────────────┤[39m
[90m│[39m Patched in    [90m│[39m >=1.1.18                                                     [90m│[39m
[90m├───────────────[39m[90m┼──────────────────────────────────────────────────────────────┤[39m
[90m│[39m Dependency of [90m│[39m eslint                                                       [90m│[39m
[90m├───────────────[39m[90m┼──────────────────────────────────────────────────────────────┤[39m
[90m│[39m Path          [90m│[39m eslint > @eslint/config-array > minimatch > brace-expansion  [90m│[39m
[90m├───────────────[39m[90m┼──────────────────────────────────────────────────────────────┤[39m
[90m│[39m More info     [90m│[39m https://www.npmjs.com/advisories/1130737                     [90m│[39m
[90m└───────────────[39m[90m┴──────────────────────────────────────────────────────────────┘[39m
[90m┌───────────────[39m[90m┬──────────────────────────────────────────────────────────────┐[39m
[90m│[39m high          [90m│[39m Serialize JavaScript is Vulnerable to RCE via RegExp.flags   [90m│[39m
[90m│[39m               [90m│[39m and Date.prototype.toISOString()                             [90m│[39m
[90m├───────────────[39m[90m┼──────────────────────────────────────────────────────────────┤[39m
[90m│[39m Package       [90m│[39m serialize-javascript                                         [90m│[39m
[90m├───────────────[39m[90m┼──────────────────────────────────────────────────────────────┤[39m
[90m│[39m Patched in    [90m│[39m >=7.0.3                                                      [90m│[39m
[90m├───────────────[39m[90m┼──────────────────────────────────────────────────────────────┤[39m
[90m│[39m Dependency of [90m│[39m copy-webpack-plugin                                          [90m│[39m
[90m├───────────────[39m[90m┼──────────────────────────────────────────────────────────────┤[39m
[90m│[39m Path          [90m│[39m copy-webpack-plugin > serialize-javascript                   [90m│[39m
[90m├───────────────[39m[90m┼──────────────────────────────────────────────────────────────┤[39m
[90m│[39m More info     [90m│[39m https://www.npmjs.com/advisories/1113686                     [90m│[39m
[90m└───────────────[39m[90m┴──────────────────────────────────────────────────────────────┘[39m
[90m┌───────────────[39m[90m┬──────────────────────────────────────────────────────────────┐[39m
[90m│[39m moderate      [90m│[39m Serialize JavaScript has CPU Exhaustion Denial of Service    [90m│[39m
[90m│[39m               [90m│[39m via crafted array-like objects                               [90m│[39m
[90m├───────────────[39m[90m┼──────────────────────────────────────────────────────────────┤[39m
[90m│[39m Package       [90m│[39m serialize-javascript                                         [90m│[39m
[90m├───────────────[39m[90m┼──────────────────────────────────────────────────────────────┤[39m
[90m│[39m Patched in    [90m│[39m >=7.0.5                                                      [90m│[39m
[90m├───────────────[39m[90m┼──────────────────────────────────────────────────────────────┤[39m
[90m│[39m Dependency of [90m│[39m copy-webpack-plugin                                          [90m│[39m
[90m├───────────────[39m[90m┼──────────────────────────────────────────────────────────────┤[39m
[90m│[39m Path          [90m│[39m copy-webpack-plugin > serialize-javascript                   [90m│[39m
[90m├───────────────[39m[90m┼──────────────────────────────────────────────────────────────┤[39m
[90m│[39m More info     [90m│[39m https://www.npmjs.com/advisories/1119440                     [90m│[39m
[90m└───────────────[39m[90m┴──────────────────────────────────────────────────────────────┘[39m
[90m┌───────────────[39m[90m┬──────────────────────────────────────────────────────────────┐[39m
[90m│[39m high          [90m│[39m Regular Expression Denial of Service (ReDoS) in cross-spawn  [90m│[39m
[90m├───────────────[39m[90m┼──────────────────────────────────────────────────────────────┤[39m
[90m│[39m Package       [90m│[39m cross-spawn                                                  [90m│[39m
[90m├───────────────[39m[90m┼──────────────────────────────────────────────────────────────┤[39m
[90m│[39m Patched in    [90m│[39m >=7.0.5                                                      [90m│[39m
[90m├───────────────[39m[90m┼──────────────────────────────────────────────────────────────┤[39m
[90m│[39m Dependency of [90m│[39m webpack-cli                                                  [90m│[39m
[90m├───────────────[39m[90m┼──────────────────────────────────────────────────────────────┤[39m
[90m│[39m Path          [90m│[39m webpack-cli > cross-spawn                                    [90m│[39m
[90m├───────────────[39m[90m┼──────────────────────────────────────────────────────────────┤[39m
[90m│[39m More info     [90m│[39m https://www.npmjs.com/advisories/1104664                     [90m│[39m
[90m└───────────────[39m[90m┴──────────────────────────────────────────────────────────────┘[39m
[90m┌───────────────[39m[90m┬──────────────────────────────────────────────────────────────┐[39m
[90m│[39m low           [90m│[39m brace-expansion Regular Expression Denial of Service         [90m│[39m
[90m│[39m               [90m│[39m vulnerability                                                [90m│[39m
[90m├───────────────[39m[90m┼──────────────────────────────────────────────────────────────┤[39m
[90m│[39m Package       [90m│[39m brace-expansion                                              [90m│[39m
[90m├───────────────[39m[90m┼──────────────────────────────────────────────────────────────┤[39m
[90m│[39m Patched in    [90m│[39m >=2.0.2                                                      [90m│[39m
[90m├───────────────[39m[90m┼──────────────────────────────────────────────────────────────┤[39m
[90m│[39m Dependency of [90m│[39m @typescript-eslint/parser                                    [90m│[39m
[90m├───────────────[39m[90m┼──────────────────────────────────────────────────────────────┤[39m
[90m│[39m Path          [90m│[39m @typescript-eslint/parser >                                  [90m│[39m
[90m│[39m               [90m│[39m @typescript-eslint/typescript-estree > minimatch >           [90m│[39m
[90m│[39m               [90m│[39m brace-expansion                                              [90m│[39m
[90m├───────────────[39m[90m┼──────────────────────────────────────────────────────────────┤[39m
[90m│[39m More info     [90m│[39m https://www.npmjs.com/advisories/1105444                     [90m│[39m
[90m└───────────────[39m[90m┴──────────────────────────────────────────────────────────────┘[39m
[90m┌───────────────[39m[90m┬──────────────────────────────────────────────────────────────┐[39m
[90m│[39m low           [90m│[39m brace-expansion Regular Expression Denial of Service         [90m│[39m
[90m│[39m               [90m│[39m vulnerability                                                [90m│[39m
[90m├───────────────[39m[90m┼──────────────────────────────────────────────────────────────┤[39m
[90m│[39m Package       [90m│[39m brace-expansion                                              [90m│[39m
[90m├───────────────[39m[90m┼──────────────────────────────────────────────────────────────┤[39m
[90m│[39m Patched in    [90m│[39m >=2.0.2                                                      [90m│[39m
[90m├───────────────[39m[90m┼──────────────────────────────────────────────────────────────┤[39m
[90m│[39m Dependency of [90m│[39m @typescript-eslint/eslint-plugin                             [90m│[39m
[90m├───────────────[39m[90m┼──────────────────────────────────────────────────────────────┤[39m
[90m│[39m Path          [90m│[39m @typescript-eslint/eslint-plugin >                           [90m│[39m
[90m│[39m               [90m│[39m @typescript-eslint/type-utils >                              [90m│[39m
[90m│[39m               [90m│[39m @typescript-eslint/typescript-estree > minimatch >           [90m│[39m
[90m│[39m               [90m│[39m brace-expansion                                              [90m│[39m
[90m├───────────────[39m[90m┼──────────────────────────────────────────────────────────────┤[39m
[90m│[39m More info     [90m│[39m https://www.npmjs.com/advisories/1105444                     [90m│[39m
[90m└───────────────[39m[90m┴──────────────────────────────────────────────────────────────┘[39m
[90m┌───────────────[39m[90m┬──────────────────────────────────────────────────────────────┐[39m
[90m│[39m low           [90m│[39m brace-expansion Regular Expression Denial of Service         [90m│[39m
[90m│[39m               [90m│[39m vulnerability                                                [90m│[39m
[90m├───────────────[39m[90m┼──────────────────────────────────────────────────────────────┤[39m
[90m│[39m Package       [90m│[39m brace-expansion                                              [90m│[39m
[90m├───────────────[39m[90m┼──────────────────────────────────────────────────────────────┤[39m
[90m│[39m Patched in    [90m│[39m >=2.0.2                                                      [90m│[39m
[90m├───────────────[39m[90m┼──────────────────────────────────────────────────────────────┤[39m
[90m│[39m Dependency of [90m│[39m @typescript-eslint/eslint-plugin                             [90m│[39m
[90m├───────────────[39m[90m┼──────────────────────────────────────────────────────────────┤[39m
[90m│[39m Path          [90m│[39m @typescript-eslint/eslint-plugin >                           [90m│[39m
[90m│[39m               [90m│[39m @typescript-eslint/type-utils > @typescript-eslint/utils >   [90m│[39m
[90m│[39m               [90m│[39m @typescript-eslint/typescript-estree > minimatch >           [90m│[39m
[90m│[39m               [90m│[39m brace-expansion                                              [90m│[39m
[90m├───────────────[39m[90m┼──────────────────────────────────────────────────────────────┤[39m
[90m│[39m More info     [90m│[39m https://www.npmjs.com/advisories/1105444                     [90m│[39m
[90m└───────────────[39m[90m┴──────────────────────────────────────────────────────────────┘[39m
[90m┌───────────────[39m[90m┬──────────────────────────────────────────────────────────────┐[39m
[90m│[39m moderate      [90m│[39m brace-expansion: Zero-step sequence causes process hang and  [90m│[39m
[90m│[39m               [90m│[39m memory exhaustion                                            [90m│[39m
[90m├───────────────[39m[90m┼──────────────────────────────────────────────────────────────┤[39m
[90m│[39m Package       [90m│[39m brace-expansion                                              [90m│[39m
[90m├───────────────[39m[90m┼──────────────────────────────────────────────────────────────┤[39m
[90m│[39m Patched in    [90m│[39m >=2.0.3                                                      [90m│[39m
[90m├───────────────[39m[90m┼──────────────────────────────────────────────────────────────┤[39m
[90m│[39m Dependency of [90m│[39m @typescript-eslint/parser                                    [90m│[39m
[90m├───────────────[39m[90m┼──────────────────────────────────────────────────────────────┤[39m
[90m│[39m Path          [90m│[39m @typescript-eslint/parser >                                  [90m│[39m
[90m│[39m               [90m│[39m @typescript-eslint/typescript-estree > minimatch >           [90m│[39m
[90m│[39m               [90m│[39m brace-expansion                                              [90m│[39m
[90m├───────────────[39m[90m┼──────────────────────────────────────────────────────────────┤[39m
[90m│[39m More info     [90m│[39m https://www.npmjs.com/advisories/1115541                     [90m│[39m
[90m└───────────────[39m[90m┴──────────────────────────────────────────────────────────────┘[39m
[90m┌───────────────[39m[90m┬──────────────────────────────────────────────────────────────┐[39m
[90m│[39m moderate      [90m│[39m brace-expansion: Zero-step sequence causes process hang and  [90m│[39m
[90m│[39m               [90m│[39m memory exhaustion                                            [90m│[39m
[90m├───────────────[39m[90m┼──────────────────────────────────────────────────────────────┤[39m
[90m│[39m Package       [90m│[39m brace-expansion                                              [90m│[39m
[90m├───────────────[39m[90m┼──────────────────────────────────────────────────────────────┤[39m
[90m│[39m Patched in    [90m│[39m >=2.0.3                                                      [90m│[39m
[90m├───────────────[39m[90m┼──────────────────────────────────────────────────────────────┤[39m
[90m│[39m Dependency of [90m│[39m @typescript-eslint/eslint-plugin                             [90m│[39m
[90m├───────────────[39m[90m┼──────────────────────────────────────────────────────────────┤[39m
[90m│[39m Path          [90m│[39m @typescript-eslint/eslint-plugin >                           [90m│[39m
[90m│[39m               [90m│[39m @typescript-eslint/type-utils >                              [90m│[39m
[90m│[39m               [90m│[39m @typescript-eslint/typescript-estree > minimatch >           [90m│[39m
[90m│[39m               [90m│[39m brace-expansion                                              [90m│[39m
[90m├───────────────[39m[90m┼──────────────────────────────────────────────────────────────┤[39m
[90m│[39m More info     [90m│[39m https://www.npmjs.com/advisories/1115541                     [90m│[39m
[90m└───────────────[39m[90m┴──────────────────────────────────────────────────────────────┘[39m
[90m┌───────────────[39m[90m┬──────────────────────────────────────────────────────────────┐[39m
[90m│[39m moderate      [90m│[39m brace-expansion: Zero-step sequence causes process hang and  [90m│[39m
[90m│[39m               [90m│[39m memory exhaustion                                            [90m│[39m
[90m├───────────────[39m[90m┼──────────────────────────────────────────────────────────────┤[39m
[90m│[39m Package       [90m│[39m brace-expansion                                              [90m│[39m
[90m├───────────────[39m[90m┼──────────────────────────────────────────────────────────────┤[39m
[90m│[39m Patched in    [90m│[39m >=2.0.3                                                      [90m│[39m
[90m├───────────────[39m[90m┼──────────────────────────────────────────────────────────────┤[39m
[90m│[39m Dependency of [90m│[39m @typescript-eslint/eslint-plugin                             [90m│[39m
[90m├───────────────[39m[90m┼──────────────────────────────────────────────────────────────┤[39m
[90m│[39m Path          [90m│[39m @typescript-eslint/eslint-plugin >                           [90m│[39m
[90m│[39m               [90m│[39m @typescript-eslint/type-utils > @typescript-eslint/utils >   [90m│[39m
[90m│[39m               [90m│[39m @typescript-eslint/typescript-estree > minimatch >           [90m│[39m
[90m│[39m               [90m│[39m brace-expansion                                              [90m│[39m
[90m├───────────────[39m[90m┼──────────────────────────────────────────────────────────────┤[39m
[90m│[39m More info     [90m│[39m https://www.npmjs.com/advisories/1115541                     [90m│[39m
[90m└───────────────[39m[90m┴──────────────────────────────────────────────────────────────┘[39m
[90m┌───────────────[39m[90m┬──────────────────────────────────────────────────────────────┐[39m
[90m│[39m high          [90m│[39m brace-expansion: DoS via exponential-time expansion of       [90m│[39m
[90m│[39m               [90m│[39m consecutive non-expanding {} groups                          [90m│[39m
[90m├───────────────[39m[90m┼──────────────────────────────────────────────────────────────┤[39m
[90m│[39m Package       [90m│[39m brace-expansion                                              [90m│[39m
[90m├───────────────[39m[90m┼──────────────────────────────────────────────────────────────┤[39m
[90m│[39m Patched in    [90m│[39m >=2.1.2                                                      [90m│[39m
[90m├───────────────[39m[90m┼──────────────────────────────────────────────────────────────┤[39m
[90m│[39m Dependency of [90m│[39m @typescript-eslint/parser                                    [90m│[39m
[90m├───────────────[39m[90m┼──────────────────────────────────────────────────────────────┤[39m
[90m│[39m Path          [90m│[39m @typescript-eslint/parser >                                  [90m│[39m
[90m│[39m               [90m│[39m @typescript-eslint/typescript-estree > minimatch >           [90m│[39m
[90m│[39m               [90m│[39m brace-expansion                                              [90m│[39m
[90m├───────────────[39m[90m┼──────────────────────────────────────────────────────────────┤[39m
[90m│[39m More info     [90m│[39m https://www.npmjs.com/advisories/1123896                     [90m│[39m
[90m└───────────────[39m[90m┴──────────────────────────────────────────────────────────────┘[39m
[90m┌───────────────[39m[90m┬──────────────────────────────────────────────────────────────┐[39m
[90m│[39m high          [90m│[39m brace-expansion: DoS via exponential-time expansion of       [90m│[39m
[90m│[39m               [90m│[39m consecutive non-expanding {} groups                          [90m│[39m
[90m├───────────────[39m[90m┼──────────────────────────────────────────────────────────────┤[39m
[90m│[39m Package       [90m│[39m brace-expansion                                              [90m│[39m
[90m├───────────────[39m[90m┼──────────────────────────────────────────────────────────────┤[39m
[90m│[39m Patched in    [90m│[39m >=2.1.2                                                      [90m│[39m
[90m├───────────────[39m[90m┼──────────────────────────────────────────────────────────────┤[39m
[90m│[39m Dependency of [90m│[39m @typescript-eslint/eslint-plugin                             [90m│[39m
[90m├───────────────[39m[90m┼──────────────────────────────────────────────────────────────┤[39m
[90m│[39m Path          [90m│[39m @typescript-eslint/eslint-plugin >                           [90m│[39m
[90m│[39m               [90m│[39m @typescript-eslint/type-utils >                              [90m│[39m
[90m│[39m               [90m│[39m @typescript-eslint/typescript-estree > minimatch >           [90m│[39m
[90m│[39m               [90m│[39m brace-expansion                                              [90m│[39m
[90m├───────────────[39m[90m┼──────────────────────────────────────────────────────────────┤[39m
[90m│[39m More info     [90m│[39m https://www.npmjs.com/advisories/1123896                     [90m│[39m
[90m└───────────────[39m[90m┴──────────────────────────────────────────────────────────────┘[39m
[90m┌───────────────[39m[90m┬──────────────────────────────────────────────────────────────┐[39m
[90m│[39m high          [90m│[39m brace-expansion: DoS via exponential-time expansion of       [90m│[39m
[90m│[39m               [90m│[39m consecutive non-expanding {} groups                          [90m│[39m
[90m├───────────────[39m[90m┼──────────────────────────────────────────────────────────────┤[39m
[90m│[39m Package       [90m│[39m brace-expansion                                              [90m│[39m
[90m├───────────────[39m[90m┼──────────────────────────────────────────────────────────────┤[39m
[90m│[39m Patched in    [90m│[39m >=2.1.2                                                      [90m│[39m
[90m├───────────────[39m[90m┼──────────────────────────────────────────────────────────────┤[39m
[90m│[39m Dependency of [90m│[39m @typescript-eslint/eslint-plugin                             [90m│[39m
[90m├───────────────[39m[90m┼──────────────────────────────────────────────────────────────┤[39m
[90m│[39m Path          [90m│[39m @typescript-eslint/eslint-plugin >                           [90m│[39m
[90m│[39m               [90m│[39m @typescript-eslint/type-utils > @typescript-eslint/utils >   [90m│[39m
[90m│[39m               [90m│[39m @typescript-eslint/typescript-estree > minimatch >           [90m│[39m
[90m│[39m               [90m│[39m brace-expansion                                              [90m│[39m
[90m├───────────────[39m[90m┼──────────────────────────────────────────────────────────────┤[39m
[90m│[39m More info     [90m│[39m https://www.npmjs.com/advisories/1123896                     [90m│[39m
[90m└───────────────[39m[90m┴──────────────────────────────────────────────────────────────┘[39m
[90m┌───────────────[39m[90m┬──────────────────────────────────────────────────────────────┐[39m
[90m│[39m high          [90m│[39m brace-expansion: DoS via unbounded expansion length causing  [90m│[39m
[90m│[39m               [90m│[39m an out-of-memory process crash                               [90m│[39m
[90m├───────────────[39m[90m┼──────────────────────────────────────────────────────────────┤[39m
[90m│[39m Package       [90m│[39m brace-expansion                                              [90m│[39m
[90m├───────────────[39m[90m┼──────────────────────────────────────────────────────────────┤[39m
[90m│[39m Patched in    [90m│[39m >=2.1.3                                                      [90m│[39m
[90m├───────────────[39m[90m┼──────────────────────────────────────────────────────────────┤[39m
[90m│[39m Dependency of [90m│[39m @typescript-eslint/parser                                    [90m│[39m
[90m├───────────────[39m[90m┼──────────────────────────────────────────────────────────────┤[39m
[90m│[39m Path          [90m│[39m @typescript-eslint/parser >                                  [90m│[39m
[90m│[39m               [90m│[39m @typescript-eslint/typescript-estree > minimatch >           [90m│[39m
[90m│[39m               [90m│[39m brace-expansion                                              [90m│[39m
[90m├───────────────[39m[90m┼──────────────────────────────────────────────────────────────┤[39m
[90m│[39m More info     [90m│[39m https://www.npmjs.com/advisories/1130589                     [90m│[39m
[90m└───────────────[39m[90m┴──────────────────────────────────────────────────────────────┘[39m
[90m┌───────────────[39m[90m┬──────────────────────────────────────────────────────────────┐[39m
[90m│[39m high          [90m│[39m brace-expansion: DoS via unbounded expansion length causing  [90m│[39m
[90m│[39m               [90m│[39m an out-of-memory process crash                               [90m│[39m
[90m├───────────────[39m[90m┼──────────────────────────────────────────────────────────────┤[39m
[90m│[39m Package       [90m│[39m brace-expansion                                              [90m│[39m
[90m├───────────────[39m[90m┼──────────────────────────────────────────────────────────────┤[39m
[90m│[39m Patched in    [90m│[39m >=2.1.3                                                      [90m│[39m
[90m├───────────────[39m[90m┼──────────────────────────────────────────────────────────────┤[39m
[90m│[39m Dependency of [90m│[39m @typescript-eslint/eslint-plugin                             [90m│[39m
[90m├───────────────[39m[90m┼──────────────────────────────────────────────────────────────┤[39m
[90m│[39m Path          [90m│[39m @typescript-eslint/eslint-plugin >                           [90m│[39m
[90m│[39m               [90m│[39m @typescript-eslint/type-utils >                              [90m│[39m
[90m│[39m               [90m│[39m @typescript-eslint/typescript-estree > minimatch >           [90m│[39m
[90m│[39m               [90m│[39m brace-expansion                                              [90m│[39m
[90m├───────────────[39m[90m┼──────────────────────────────────────────────────────────────┤[39m
[90m│[39m More info     [90m│[39m https://www.npmjs.com/advisories/1130589                     [90m│[39m
[90m└───────────────[39m[90m┴──────────────────────────────────────────────────────────────┘[39m
[90m┌───────────────[39m[90m┬──────────────────────────────────────────────────────────────┐[39m
[90m│[39m high          [90m│[39m brace-expansion: DoS via unbounded expansion length causing  [90m│[39m
[90m│[39m               [90m│[39m an out-of-memory process crash                               [90m│[39m
[90m├───────────────[39m[90m┼──────────────────────────────────────────────────────────────┤[39m
[90m│[39m Package       [90m│[39m brace-expansion                                              [90m│[39m
[90m├───────────────[39m[90m┼──────────────────────────────────────────────────────────────┤[39m
[90m│[39m Patched in    [90m│[39m >=2.1.3                                                      [90m│[39m
[90m├───────────────[39m[90m┼──────────────────────────────────────────────────────────────┤[39m
[90m│[39m Dependency of [90m│[39m @typescript-eslint/eslint-plugin                             [90m│[39m
[90m├───────────────[39m[90m┼──────────────────────────────────────────────────────────────┤[39m
[90m│[39m Path          [90m│[39m @typescript-eslint/eslint-plugin >                           [90m│[39m
[90m│[39m               [90m│[39m @typescript-eslint/type-utils > @typescript-eslint/utils >   [90m│[39m
[90m│[39m               [90m│[39m @typescript-eslint/typescript-estree > minimatch >           [90m│[39m
[90m│[39m               [90m│[39m brace-expansion                                              [90m│[39m
[90m├───────────────[39m[90m┼──────────────────────────────────────────────────────────────┤[39m
[90m│[39m More info     [90m│[39m https://www.npmjs.com/advisories/1130589                     [90m│[39m
[90m└───────────────[39m[90m┴──────────────────────────────────────────────────────────────┘[39m
[90m┌───────────────[39m[90m┬──────────────────────────────────────────────────────────────┐[39m
[90m│[39m high          [90m│[39m brace-expansion: DoS via unbounded intermediate arrays,      [90m│[39m
[90m│[39m               [90m│[39m bypassing the CVE-2026-14257 mitigation                      [90m│[39m
[90m├───────────────[39m[90m┼──────────────────────────────────────────────────────────────┤[39m
[90m│[39m Package       [90m│[39m brace-expansion                                              [90m│[39m
[90m├───────────────[39m[90m┼──────────────────────────────────────────────────────────────┤[39m
[90m│[39m Patched in    [90m│[39m >=2.1.4                                                      [90m│[39m
[90m├───────────────[39m[90m┼──────────────────────────────────────────────────────────────┤[39m
[90m│[39m Dependency of [90m│[39m @typescript-eslint/parser                                    [90m│[39m
[90m├───────────────[39m[90m┼──────────────────────────────────────────────────────────────┤[39m
[90m│[39m Path          [90m│[39m @typescript-eslint/parser >                                  [90m│[39m
[90m│[39m               [90m│[39m @typescript-eslint/typescript-estree > minimatch >           [90m│[39m
[90m│[39m               [90m│[39m brace-expansion                                              [90m│[39m
[90m├───────────────[39m[90m┼──────────────────────────────────────────────────────────────┤[39m
[90m│[39m More info     [90m│[39m https://www.npmjs.com/advisories/1130736                     [90m│[39m
[90m└───────────────[39m[90m┴──────────────────────────────────────────────────────────────┘[39m
[90m┌───────────────[39m[90m┬──────────────────────────────────────────────────────────────┐[39m
[90m│[39m high          [90m│[39m brace-expansion: DoS via unbounded intermediate arrays,      [90m│[39m
[90m│[39m               [90m│[39m bypassing the CVE-2026-14257 mitigation                      [90m│[39m
[90m├───────────────[39m[90m┼──────────────────────────────────────────────────────────────┤[39m
[90m│[39m Package       [90m│[39m brace-expansion                                              [90m│[39m
[90m├───────────────[39m[90m┼──────────────────────────────────────────────────────────────┤[39m
[90m│[39m Patched in    [90m│[39m >=2.1.4                                                      [90m│[39m
[90m├───────────────[39m[90m┼──────────────────────────────────────────────────────────────┤[39m
[90m│[39m Dependency of [90m│[39m @typescript-eslint/eslint-plugin                             [90m│[39m
[90m├───────────────[39m[90m┼──────────────────────────────────────────────────────────────┤[39m
[90m│[39m Path          [90m│[39m @typescript-eslint/eslint-plugin >                           [90m│[39m
[90m│[39m               [90m│[39m @typescript-eslint/type-utils >                              [90m│[39m
[90m│[39m               [90m│[39m @typescript-eslint/typescript-estree > minimatch >           [90m│[39m
[90m│[39m               [90m│[39m brace-expansion                                              [90m│[39m
[90m├───────────────[39m[90m┼──────────────────────────────────────────────────────────────┤[39m
[90m│[39m More info     [90m│[39m https://www.npmjs.com/advisories/1130736                     [90m│[39m
[90m└───────────────[39m[90m┴──────────────────────────────────────────────────────────────┘[39m
[90m┌───────────────[39m[90m┬──────────────────────────────────────────────────────────────┐[39m
[90m│[39m high          [90m│[39m brace-expansion: DoS via unbounded intermediate arrays,      [90m│[39m
[90m│[39m               [90m│[39m bypassing the CVE-2026-14257 mitigation                      [90m│[39m
[90m├───────────────[39m[90m┼──────────────────────────────────────────────────────────────┤[39m
[90m│[39m Package       [90m│[39m brace-expansion                                              [90m│[39m
[90m├───────────────[39m[90m┼──────────────────────────────────────────────────────────────┤[39m
[90m│[39m Patched in    [90m│[39m >=2.1.4                                                      [90m│[39m
[90m├───────────────[39m[90m┼──────────────────────────────────────────────────────────────┤[39m
[90m│[39m Dependency of [90m│[39m @typescript-eslint/eslint-plugin                             [90m│[39m
[90m├───────────────[39m[90m┼──────────────────────────────────────────────────────────────┤[39m
[90m│[39m Path          [90m│[39m @typescript-eslint/eslint-plugin >                           [90m│[39m
[90m│[39m               [90m│[39m @typescript-eslint/type-utils > @typescript-eslint/utils >   [90m│[39m
[90m│[39m               [90m│[39m @typescript-eslint/typescript-estree > minimatch >           [90m│[39m
[90m│[39m               [90m│[39m brace-expansion                                              [90m│[39m
[90m├───────────────[39m[90m┼──────────────────────────────────────────────────────────────┤[39m
[90m│[39m More info     [90m│[39m https://www.npmjs.com/advisories/1130736                     [90m│[39m
[90m└───────────────[39m[90m┴──────────────────────────────────────────────────────────────┘[39m
[90m┌───────────────[39m[90m┬──────────────────────────────────────────────────────────────┐[39m
[90m│[39m moderate      [90m│[39m js-yaml has prototype pollution in merge (<<)                [90m│[39m
[90m├───────────────[39m[90m┼──────────────────────────────────────────────────────────────┤[39m
[90m│[39m Package       [90m│[39m js-yaml                                                      [90m│[39m
[90m├───────────────[39m[90m┼──────────────────────────────────────────────────────────────┤[39m
[90m│[39m Patched in    [90m│[39m >=4.1.1                                                      [90m│[39m
[90m├───────────────[39m[90m┼──────────────────────────────────────────────────────────────┤[39m
[90m│[39m Dependency of [90m│[39m eslint                                                       [90m│[39m
[90m├───────────────[39m[90m┼──────────────────────────────────────────────────────────────┤[39m
[90m│[39m Path          [90m│[39m eslint > @eslint/eslintrc > js-yaml                          [90m│[39m
[90m├───────────────[39m[90m┼──────────────────────────────────────────────────────────────┤[39m
[90m│[39m More info     [90m│[39m https://www.npmjs.com/advisories/1112715                     [90m│[39m
[90m└───────────────[39m[90m┴──────────────────────────────────────────────────────────────┘[39m
[90m┌───────────────[39m[90m┬──────────────────────────────────────────────────────────────┐[39m
[90m│[39m moderate      [90m│[39m JS-YAML: Quadratic-complexity DoS in merge key handling via  [90m│[39m
[90m│[39m               [90m│[39m repeated aliases                                             [90m│[39m
[90m├───────────────[39m[90m┼──────────────────────────────────────────────────────────────┤[39m
[90m│[39m Package       [90m│[39m js-yaml                                                      [90m│[39m
[90m├───────────────[39m[90m┼──────────────────────────────────────────────────────────────┤[39m
[90m│[39m Patched in    [90m│[39m >=4.2.0                                                      [90m│[39m
[90m├───────────────[39m[90m┼──────────────────────────────────────────────────────────────┤[39m
[90m│[39m Dependency of [90m│[39m eslint                                                       [90m│[39m
[90m├───────────────[39m[90m┼──────────────────────────────────────────────────────────────┤[39m
[90m│[39m Path          [90m│[39m eslint > @eslint/eslintrc > js-yaml                          [90m│[39m
[90m├───────────────[39m[90m┼──────────────────────────────────────────────────────────────┤[39m
[90m│[39m More info     [90m│[39m https://www.npmjs.com/advisories/1121860                     [90m│[39m
[90m└───────────────[39m[90m┴──────────────────────────────────────────────────────────────┘[39m
[90m┌───────────────[39m[90m┬──────────────────────────────────────────────────────────────┐[39m
[90m│[39m high          [90m│[39m js-yaml: YAML merge-key chains can force quadratic CPU       [90m│[39m
[90m│[39m               [90m│[39m consumption                                                  [90m│[39m
[90m├───────────────[39m[90m┼──────────────────────────────────────────────────────────────┤[39m
[90m│[39m Package       [90m│[39m js-yaml                                                      [90m│[39m
[90m├───────────────[39m[90m┼──────────────────────────────────────────────────────────────┤[39m
[90m│[39m Patched in    [90m│[39m >=4.3.0                                                      [90m│[39m
[90m├───────────────[39m[90m┼──────────────────────────────────────────────────────────────┤[39m
[90m│[39m Dependency of [90m│[39m eslint                                                       [90m│[39m
[90m├───────────────[39m[90m┼──────────────────────────────────────────────────────────────┤[39m
[90m│[39m Path          [90m│[39m eslint > @eslint/eslintrc > js-yaml                          [90m│[39m
[90m├───────────────[39m[90m┼──────────────────────────────────────────────────────────────┤[39m
[90m│[39m More info     [90m│[39m https://www.npmjs.com/advisories/1123911                     [90m│[39m
[90m└───────────────[39m[90m┴──────────────────────────────────────────────────────────────┘[39m
[90m┌───────────────[39m[90m┬──────────────────────────────────────────────────────────────┐[39m
[90m│[39m high          [90m│[39m JS-YAML: Quadratic CPU consumption in !!omap resolution (3.x [90m│[39m
[90m│[39m               [90m│[39m and 4.x) — CVE-2026-59870 fix not backported                 [90m│[39m
[90m├───────────────[39m[90m┼──────────────────────────────────────────────────────────────┤[39m
[90m│[39m Package       [90m│[39m js-yaml                                                      [90m│[39m
[90m├───────────────[39m[90m┼──────────────────────────────────────────────────────────────┤[39m
[90m│[39m Patched in    [90m│[39m >=4.3.1                                                      [90m│[39m
[90m├───────────────[39m[90m┼──────────────────────────────────────────────────────────────┤[39m
[90m│[39m Dependency of [90m│[39m eslint                                                       [90m│[39m
[90m├───────────────[39m[90m┼──────────────────────────────────────────────────────────────┤[39m
[90m│[39m Path          [90m│[39m eslint > @eslint/eslintrc > js-yaml                          [90m│[39m
[90m├───────────────[39m[90m┼──────────────────────────────────────────────────────────────┤[39m
[90m│[39m More info     [90m│[39m https://www.npmjs.com/advisories/1138115                     [90m│[39m
[90m└───────────────[39m[90m┴──────────────────────────────────────────────────────────────┘[39m
[90m┌───────────────[39m[90m┬──────────────────────────────────────────────────────────────┐[39m
[90m│[39m high          [90m│[39m minimatch has a ReDoS via repeated wildcards with            [90m│[39m
[90m│[39m               [90m│[39m non-matching literal in pattern                              [90m│[39m
[90m├───────────────[39m[90m┼──────────────────────────────────────────────────────────────┤[39m
[90m│[39m Package       [90m│[39m minimatch                                                    [90m│[39m
[90m├───────────────[39m[90m┼──────────────────────────────────────────────────────────────┤[39m
[90m│[39m Patched in    [90m│[39m >=9.0.6                                                      [90m│[39m
[90m├───────────────[39m[90m┼──────────────────────────────────────────────────────────────┤[39m
[90m│[39m Dependency of [90m│[39m @typescript-eslint/parser                                    [90m│[39m
[90m├───────────────[39m[90m┼──────────────────────────────────────────────────────────────┤[39m
[90m│[39m Path          [90m│[39m @typescript-eslint/parser >                                  [90m│[39m
[90m│[39m               [90m│[39m @typescript-eslint/typescript-estree > minimatch             [90m│[39m
[90m├───────────────[39m[90m┼──────────────────────────────────────────────────────────────┤[39m
[90m│[39m More info     [90m│[39m https://www.npmjs.com/advisories/1113465                     [90m│[39m
[90m└───────────────[39m[90m┴──────────────────────────────────────────────────────────────┘[39m
[90m┌───────────────[39m[90m┬──────────────────────────────────────────────────────────────┐[39m
[90m│[39m high          [90m│[39m minimatch has a ReDoS via repeated wildcards with            [90m│[39m
[90m│[39m               [90m│[39m non-matching literal in pattern                              [90m│[39m
[90m├───────────────[39m[90m┼──────────────────────────────────────────────────────────────┤[39m
[90m│[39m Package       [90m│[39m minimatch                                                    [90m│[39m
[90m├───────────────[39m[90m┼──────────────────────────────────────────────────────────────┤[39m
[90m│[39m Patched in    [90m│[39m >=9.0.6                                                      [90m│[39m
[90m├───────────────[39m[90m┼──────────────────────────────────────────────────────────────┤[39m
[90m│[39m Dependency of [90m│[39m @typescript-eslint/eslint-plugin                             [90m│[39m
[90m├───────────────[39m[90m┼──────────────────────────────────────────────────────────────┤[39m
[90m│[39m Path          [90m│[39m @typescript-eslint/eslint-plugin >                           [90m│[39m
[90m│[39m               [90m│[39m @typescript-eslint/type-utils >                              [90m│[39m
[90m│[39m               [90m│[39m @typescript-eslint/typescript-estree > minimatch             [90m│[39m
[90m├───────────────[39m[90m┼──────────────────────────────────────────────────────────────┤[39m
[90m│[39m More info     [90m│[39m https://www.npmjs.com/advisories/1113465                     [90m│[39m
[90m└───────────────[39m[90m┴──────────────────────────────────────────────────────────────┘[39m
[90m┌───────────────[39m[90m┬──────────────────────────────────────────────────────────────┐[39m
[90m│[39m high          [90m│[39m minimatch has a ReDoS via repeated wildcards with            [90m│[39m
[90m│[39m               [90m│[39m non-matching literal in pattern                              [90m│[39m
[90m├───────────────[39m[90m┼──────────────────────────────────────────────────────────────┤[39m
[90m│[39m Package       [90m│[39m minimatch                                                    [90m│[39m
[90m├───────────────[39m[90m┼──────────────────────────────────────────────────────────────┤[39m
[90m│[39m Patched in    [90m│[39m >=9.0.6                                                      [90m│[39m
[90m├───────────────[39m[90m┼──────────────────────────────────────────────────────────────┤[39m
[90m│[39m Dependency of [90m│[39m @typescript-eslint/eslint-plugin                             [90m│[39m
[90m├───────────────[39m[90m┼──────────────────────────────────────────────────────────────┤[39m
[90m│[39m Path          [90m│[39m @typescript-eslint/eslint-plugin >                           [90m│[39m
[90m│[39m               [90m│[39m @typescript-eslint/type-utils > @typescript-eslint/utils >   [90m│[39m
[90m│[39m               [90m│[39m @typescript-eslint/typescript-estree > minimatch             [90m│[39m
[90m├───────────────[39m[90m┼──────────────────────────────────────────────────────────────┤[39m
[90m│[39m More info     [90m│[39m https://www.npmjs.com/advisories/1113465                     [90m│[39m
[90m└───────────────[39m[90m┴──────────────────────────────────────────────────────────────┘[39m
[90m┌───────────────[39m[90m┬──────────────────────────────────────────────────────────────┐[39m
[90m│[39m high          [90m│[39m minimatch has ReDoS: matchOne() combinatorial backtracking   [90m│[39m
[90m│[39m               [90m│[39m via multiple non-adjacent GLOBSTAR segments                  [90m│[39m
[90m├───────────────[39m[90m┼──────────────────────────────────────────────────────────────┤[39m
[90m│[39m Package       [90m│[39m minimatch                                                    [90m│[39m
[90m├───────────────[39m[90m┼──────────────────────────────────────────────────────────────┤[39m
[90m│[39m Patched in    [90m│[39m >=9.0.7                                                      [90m│[39m
[90m├───────────────[39m[90m┼──────────────────────────────────────────────────────────────┤[39m
[90m│[39m Dependency of [90m│[39m @typescript-eslint/parser                                    [90m│[39m
[90m├───────────────[39m[90m┼──────────────────────────────────────────────────────────────┤[39m
[90m│[39m Path          [90m│[39m @typescript-eslint/parser >                                  [90m│[39m
[90m│[39m               [90m│[39m @typescript-eslint/typescript-estree > minimatch             [90m│[39m
[90m├───────────────[39m[90m┼──────────────────────────────────────────────────────────────┤[39m
[90m│[39m More info     [90m│[39m https://www.npmjs.com/advisories/1113544                     [90m│[39m
[90m└───────────────[39m[90m┴──────────────────────────────────────────────────────────────┘[39m
[90m┌───────────────[39m[90m┬──────────────────────────────────────────────────────────────┐[39m
[90m│[39m high          [90m│[39m minimatch has ReDoS: matchOne() combinatorial backtracking   [90m│[39m
[90m│[39m               [90m│[39m via multiple non-adjacent GLOBSTAR segments                  [90m│[39m
[90m├───────────────[39m[90m┼──────────────────────────────────────────────────────────────┤[39m
[90m│[39m Package       [90m│[39m minimatch                                                    [90m│[39m
[90m├───────────────[39m[90m┼──────────────────────────────────────────────────────────────┤[39m
[90m│[39m Patched in    [90m│[39m >=9.0.7                                                      [90m│[39m
[90m├───────────────[39m[90m┼──────────────────────────────────────────────────────────────┤[39m
[90m│[39m Dependency of [90m│[39m @typescript-eslint/eslint-plugin                             [90m│[39m
[90m├───────────────[39m[90m┼──────────────────────────────────────────────────────────────┤[39m
[90m│[39m Path          [90m│[39m @typescript-eslint/eslint-plugin >                           [90m│[39m
[90m│[39m               [90m│[39m @typescript-eslint/type-utils >                              [90m│[39m
[90m│[39m               [90m│[39m @typescript-eslint/typescript-estree > minimatch             [90m│[39m
[90m├───────────────[39m[90m┼──────────────────────────────────────────────────────────────┤[39m
[90m│[39m More info     [90m│[39m https://www.npmjs.com/advisories/1113544                     [90m│[39m
[90m└───────────────[39m[90m┴──────────────────────────────────────────────────────────────┘[39m
[90m┌───────────────[39m[90m┬──────────────────────────────────────────────────────────────┐[39m
[90m│[39m high          [90m│[39m minimatch has ReDoS: matchOne() combinatorial backtracking   [90m│[39m
[90m│[39m               [90m│[39m via multiple non-adjacent GLOBSTAR segments                  [90m│[39m
[90m├───────────────[39m[90m┼──────────────────────────────────────────────────────────────┤[39m
[90m│[39m Package       [90m│[39m minimatch                                                    [90m│[39m
[90m├───────────────[39m[90m┼──────────────────────────────────────────────────────────────┤[39m
[90m│[39m Patched in    [90m│[39m >=9.0.7                                                      [90m│[39m
[90m├───────────────[39m[90m┼──────────────────────────────────────────────────────────────┤[39m
[90m│[39m Dependency of [90m│[39m @typescript-eslint/eslint-plugin                             [90m│[39m
[90m├───────────────[39m[90m┼──────────────────────────────────────────────────────────────┤[39m
[90m│[39m Path          [90m│[39m @typescript-eslint/eslint-plugin >                           [90m│[39m
[90m│[39m               [90m│[39m @typescript-eslint/type-utils > @typescript-eslint/utils >   [90m│[39m
[90m│[39m               [90m│[39m @typescript-eslint/typescript-estree > minimatch             [90m│[39m
[90m├───────────────[39m[90m┼──────────────────────────────────────────────────────────────┤[39m
[90m│[39m More info     [90m│[39m https://www.npmjs.com/advisories/1113544                     [90m│[39m
[90m└───────────────[39m[90m┴──────────────────────────────────────────────────────────────┘[39m
[90m┌───────────────[39m[90m┬──────────────────────────────────────────────────────────────┐[39m
[90m│[39m high          [90m│[39m minimatch ReDoS: nested *() extglobs generate                [90m│[39m
[90m│[39m               [90m│[39m catastrophically backtracking regular expressions            [90m│[39m
[90m├───────────────[39m[90m┼──────────────────────────────────────────────────────────────┤[39m
[90m│[39m Package       [90m│[39m minimatch                                                    [90m│[39m
[90m├───────────────[39m[90m┼──────────────────────────────────────────────────────────────┤[39m
[90m│[39m Patched in    [90m│[39m >=9.0.7                                                      [90m│[39m
[90m├───────────────[39m[90m┼──────────────────────────────────────────────────────────────┤[39m
[90m│[39m Dependency of [90m│[39m @typescript-eslint/parser                                    [90m│[39m
[90m├───────────────[39m[90m┼──────────────────────────────────────────────────────────────┤[39m
[90m│[39m Path          [90m│[39m @typescript-eslint/parser >                                  [90m│[39m
[90m│[39m               [90m│[39m @typescript-eslint/typescript-estree > minimatch             [90m│[39m
[90m├───────────────[39m[90m┼──────────────────────────────────────────────────────────────┤[39m
[90m│[39m More info     [90m│[39m https://www.npmjs.com/advisories/1113552                     [90m│[39m
[90m└───────────────[39m[90m┴──────────────────────────────────────────────────────────────┘[39m
[90m┌───────────────[39m[90m┬──────────────────────────────────────────────────────────────┐[39m
[90m│[39m high          [90m│[39m minimatch ReDoS: nested *() extglobs generate                [90m│[39m
[90m│[39m               [90m│[39m catastrophically backtracking regular expressions            [90m│[39m
[90m├───────────────[39m[90m┼──────────────────────────────────────────────────────────────┤[39m
[90m│[39m Package       [90m│[39m minimatch                                                    [90m│[39m
[90m├───────────────[39m[90m┼──────────────────────────────────────────────────────────────┤[39m
[90m│[39m Patched in    [90m│[39m >=9.0.7                                                      [90m│[39m
[90m├───────────────[39m[90m┼──────────────────────────────────────────────────────────────┤[39m
[90m│[39m Dependency of [90m│[39m @typescript-eslint/eslint-plugin                             [90m│[39m
[90m├───────────────[39m[90m┼──────────────────────────────────────────────────────────────┤[39m
[90m│[39m Path          [90m│[39m @typescript-eslint/eslint-plugin >                           [90m│[39m
[90m│[39m               [90m│[39m @typescript-eslint/type-utils >                              [90m│[39m
[90m│[39m               [90m│[39m @typescript-eslint/typescript-estree > minimatch             [90m│[39m
[90m├───────────────[39m[90m┼──────────────────────────────────────────────────────────────┤[39m
[90m│[39m More info     [90m│[39m https://www.npmjs.com/advisories/1113552                     [90m│[39m
[90m└───────────────[39m[90m┴──────────────────────────────────────────────────────────────┘[39m
[90m┌───────────────[39m[90m┬──────────────────────────────────────────────────────────────┐[39m
[90m│[39m high          [90m│[39m minimatch ReDoS: nested *() extglobs generate                [90m│[39m
[90m│[39m               [90m│[39m catastrophically backtracking regular expressions            [90m│[39m
[90m├───────────────[39m[90m┼──────────────────────────────────────────────────────────────┤[39m
[90m│[39m Package       [90m│[39m minimatch                                                    [90m│[39m
[90m├───────────────[39m[90m┼──────────────────────────────────────────────────────────────┤[39m
[90m│[39m Patched in    [90m│[39m >=9.0.7                                                      [90m│[39m
[90m├───────────────[39m[90m┼──────────────────────────────────────────────────────────────┤[39m
[90m│[39m Dependency of [90m│[39m @typescript-eslint/eslint-plugin                             [90m│[39m
[90m├───────────────[39m[90m┼──────────────────────────────────────────────────────────────┤[39m
[90m│[39m Path          [90m│[39m @typescript-eslint/eslint-plugin >                           [90m│[39m
[90m│[39m               [90m│[39m @typescript-eslint/type-utils > @typescript-eslint/utils >   [90m│[39m
[90m│[39m               [90m│[39m @typescript-eslint/typescript-estree > minimatch             [90m│[39m
[90m├───────────────[39m[90m┼──────────────────────────────────────────────────────────────┤[39m
[90m│[39m More info     [90m│[39m https://www.npmjs.com/advisories/1113552                     [90m│[39m
[90m└───────────────[39m[90m┴──────────────────────────────────────────────────────────────┘[39m
[90m┌───────────────[39m[90m┬──────────────────────────────────────────────────────────────┐[39m
[90m│[39m high          [90m│[39m Serialize JavaScript is Vulnerable to RCE via RegExp.flags   [90m│[39m
[90m│[39m               [90m│[39m and Date.prototype.toISOString()                             [90m│[39m
[90m├───────────────[39m[90m┼──────────────────────────────────────────────────────────────┤[39m
[90m│[39m Package       [90m│[39m serialize-javascript                                         [90m│[39m
[90m├───────────────[39m[90m┼──────────────────────────────────────────────────────────────┤[39m
[90m│[39m Patched in    [90m│[39m >=7.0.3                                                      [90m│[39m
[90m├───────────────[39m[90m┼──────────────────────────────────────────────────────────────┤[39m
[90m│[39m Dependency of [90m│[39m webpack                                                      [90m│[39m
[90m├───────────────[39m[90m┼──────────────────────────────────────────────────────────────┤[39m
[90m│[39m Path          [90m│[39m webpack > terser-webpack-plugin > serialize-javascript       [90m│[39m
[90m├───────────────[39m[90m┼──────────────────────────────────────────────────────────────┤[39m
[90m│[39m More info     [90m│[39m https://www.npmjs.com/advisories/1113686                     [90m│[39m
[90m└───────────────[39m[90m┴──────────────────────────────────────────────────────────────┘[39m
[90m┌───────────────[39m[90m┬──────────────────────────────────────────────────────────────┐[39m
[90m│[39m moderate      [90m│[39m Serialize JavaScript has CPU Exhaustion Denial of Service    [90m│[39m
[90m│[39m               [90m│[39m via crafted array-like objects                               [90m│[39m
[90m├───────────────[39m[90m┼──────────────────────────────────────────────────────────────┤[39m
[90m│[39m Package       [90m│[39m serialize-javascript                                         [90m│[39m
[90m├───────────────[39m[90m┼──────────────────────────────────────────────────────────────┤[39m
[90m│[39m Patched in    [90m│[39m >=7.0.5                                                      [90m│[39m
[90m├───────────────[39m[90m┼──────────────────────────────────────────────────────────────┤[39m
[90m│[39m Dependency of [90m│[39m webpack                                                      [90m│[39m
[90m├───────────────[39m[90m┼──────────────────────────────────────────────────────────────┤[39m
[90m│[39m Path          [90m│[39m webpack > terser-webpack-plugin > serialize-javascript       [90m│[39m
[90m├───────────────[39m[90m┼──────────────────────────────────────────────────────────────┤[39m
[90m│[39m More info     [90m│[39m https://www.npmjs.com/advisories/1119440                     [90m│[39m
[90m└───────────────[39m[90m┴──────────────────────────────────────────────────────────────┘[39m
[90m┌───────────────[39m[90m┬──────────────────────────────────────────────────────────────┐[39m
[90m│[39m moderate      [90m│[39m ajv has ReDoS when using `$data` option                      [90m│[39m
[90m├───────────────[39m[90m┼──────────────────────────────────────────────────────────────┤[39m
[90m│[39m Package       [90m│[39m ajv                                                          [90m│[39m
[90m├───────────────[39m[90m┼──────────────────────────────────────────────────────────────┤[39m
[90m│[39m Patched in    [90m│[39m >=8.18.0                                                     [90m│[39m
[90m├───────────────[39m[90m┼──────────────────────────────────────────────────────────────┤[39m
[90m│[39m Dependency of [90m│[39m copy-webpack-plugin                                          [90m│[39m
[90m├───────────────[39m[90m┼──────────────────────────────────────────────────────────────┤[39m
[90m│[39m Path          [90m│[39m copy-webpack-plugin > schema-utils > ajv                     [90m│[39m
[90m├───────────────[39m[90m┼──────────────────────────────────────────────────────────────┤[39m
[90m│[39m More info     [90m│[39m https://www.npmjs.com/advisories/1113715                     [90m│[39m
[90m└───────────────[39m[90m┴──────────────────────────────────────────────────────────────┘[39m
[90m┌───────────────[39m[90m┬──────────────────────────────────────────────────────────────┐[39m
[90m│[39m moderate      [90m│[39m ajv has ReDoS when using `$data` option                      [90m│[39m
[90m├───────────────[39m[90m┼──────────────────────────────────────────────────────────────┤[39m
[90m│[39m Package       [90m│[39m ajv                                                          [90m│[39m
[90m├───────────────[39m[90m┼──────────────────────────────────────────────────────────────┤[39m
[90m│[39m Patched in    [90m│[39m >=8.18.0                                                     [90m│[39m
[90m├───────────────[39m[90m┼──────────────────────────────────────────────────────────────┤[39m
[90m│[39m Dependency of [90m│[39m copy-webpack-plugin                                          [90m│[39m
[90m├───────────────[39m[90m┼──────────────────────────────────────────────────────────────┤[39m
[90m│[39m Path          [90m│[39m copy-webpack-plugin > schema-utils > ajv-formats > ajv       [90m│[39m
[90m├───────────────[39m[90m┼──────────────────────────────────────────────────────────────┤[39m
[90m│[39m More info     [90m│[39m https://www.npmjs.com/advisories/1113715                     [90m│[39m
[90m└───────────────[39m[90m┴──────────────────────────────────────────────────────────────┘[39m
[90m┌───────────────[39m[90m┬──────────────────────────────────────────────────────────────┐[39m
[90m│[39m moderate      [90m│[39m ajv has ReDoS when using `$data` option                      [90m│[39m
[90m├───────────────[39m[90m┼──────────────────────────────────────────────────────────────┤[39m
[90m│[39m Package       [90m│[39m ajv                                                          [90m│[39m
[90m├───────────────[39m[90m┼──────────────────────────────────────────────────────────────┤[39m
[90m│[39m Patched in    [90m│[39m >=8.18.0                                                     [90m│[39m
[90m├───────────────[39m[90m┼──────────────────────────────────────────────────────────────┤[39m
[90m│[39m Dependency of [90m│[39m webpack                                                      [90m│[39m
[90m├───────────────[39m[90m┼──────────────────────────────────────────────────────────────┤[39m
[90m│[39m Path          [90m│[39m webpack > terser-webpack-plugin > schema-utils > ajv-formats [90m│[39m
[90m│[39m               [90m│[39m > ajv                                                        [90m│[39m
[90m├───────────────[39m[90m┼──────────────────────────────────────────────────────────────┤[39m
[90m│[39m More info     [90m│[39m https://www.npmjs.com/advisories/1113715                     [90m│[39m
[90m└───────────────[39m[90m┴──────────────────────────────────────────────────────────────┘[39m
[90m┌───────────────[39m[90m┬──────────────────────────────────────────────────────────────┐[39m
[90m│[39m high          [90m│[39m flatted vulnerable to unbounded recursion DoS in parse()     [90m│[39m
[90m│[39m               [90m│[39m revive phase                                                 [90m│[39m
[90m├───────────────[39m[90m┼──────────────────────────────────────────────────────────────┤[39m
[90m│[39m Package       [90m│[39m flatted                                                      [90m│[39m
[90m├───────────────[39m[90m┼──────────────────────────────────────────────────────────────┤[39m
[90m│[39m Patched in    [90m│[39m >=3.4.0                                                      [90m│[39m
[90m├───────────────[39m[90m┼──────────────────────────────────────────────────────────────┤[39m
[90m│[39m Dependency of [90m│[39m cspell                                                       [90m│[39m
[90m├───────────────[39m[90m┼──────────────────────────────────────────────────────────────┤[39m
[90m│[39m Path          [90m│[39m cspell > flatted                                             [90m│[39m
[90m├───────────────[39m[90m┼──────────────────────────────────────────────────────────────┤[39m
[90m│[39m More info     [90m│[39m https://www.npmjs.com/advisories/1114526                     [90m│[39m
[90m└───────────────[39m[90m┴──────────────────────────────────────────────────────────────┘[39m
[90m┌───────────────[39m[90m┬──────────────────────────────────────────────────────────────┐[39m
[90m│[39m high          [90m│[39m flatted vulnerable to unbounded recursion DoS in parse()     [90m│[39m
[90m│[39m               [90m│[39m revive phase                                                 [90m│[39m
[90m├───────────────[39m[90m┼──────────────────────────────────────────────────────────────┤[39m
[90m│[39m Package       [90m│[39m flatted                                                      [90m│[39m
[90m├───────────────[39m[90m┼──────────────────────────────────────────────────────────────┤[39m
[90m│[39m Patched in    [90m│[39m >=3.4.0                                                      [90m│[39m
[90m├───────────────[39m[90m┼──────────────────────────────────────────────────────────────┤[39m
[90m│[39m Dependency of [90m│[39m stylelint                                                    [90m│[39m
[90m├───────────────[39m[90m┼──────────────────────────────────────────────────────────────┤[39m
[90m│[39m Path          [90m│[39m stylelint > file-entry-cache > flat-cache > flatted          [90m│[39m
[90m├───────────────[39m[90m┼──────────────────────────────────────────────────────────────┤[39m
[90m│[39m More info     [90m│[39m https://www.npmjs.com/advisories/1114526                     [90m│[39m
[90m└───────────────[39m[90m┴──────────────────────────────────────────────────────────────┘[39m
[90m┌───────────────[39m[90m┬──────────────────────────────────────────────────────────────┐[39m
[90m│[39m high          [90m│[39m flatted vulnerable to unbounded recursion DoS in parse()     [90m│[39m
[90m│[39m               [90m│[39m revive phase                                                 [90m│[39m
[90m├───────────────[39m[90m┼──────────────────────────────────────────────────────────────┤[39m
[90m│[39m Package       [90m│[39m flatted                                                      [90m│[39m
[90m├───────────────[39m[90m┼──────────────────────────────────────────────────────────────┤[39m
[90m│[39m Patched in    [90m│[39m >=3.4.0                                                      [90m│[39m
[90m├───────────────[39m[90m┼──────────────────────────────────────────────────────────────┤[39m
[90m│[39m Dependency of [90m│[39m eslint                                                       [90m│[39m
[90m├───────────────[39m[90m┼──────────────────────────────────────────────────────────────┤[39m
[90m│[39m Path          [90m│[39m eslint > file-entry-cache > flat-cache > flatted             [90m│[39m
[90m├───────────────[39m[90m┼──────────────────────────────────────────────────────────────┤[39m
[90m│[39m More info     [90m│[39m https://www.npmjs.com/advisories/1114526                     [90m│[39m
[90m└───────────────[39m[90m┴──────────────────────────────────────────────────────────────┘[39m
[90m┌───────────────[39m[90m┬──────────────────────────────────────────────────────────────┐[39m
[90m│[39m high          [90m│[39m Prototype Pollution via parse() in NodeJS flatted            [90m│[39m
[90m├───────────────[39m[90m┼──────────────────────────────────────────────────────────────┤[39m
[90m│[39m Package       [90m│[39m flatted                                                      [90m│[39m
[90m├───────────────[39m[90m┼──────────────────────────────────────────────────────────────┤[39m
[90m│[39m Patched in    [90m│[39m >=3.4.2                                                      [90m│[39m
[90m├───────────────[39m[90m┼──────────────────────────────────────────────────────────────┤[39m
[90m│[39m Dependency of [90m│[39m cspell                                                       [90m│[39m
[90m├───────────────[39m[90m┼──────────────────────────────────────────────────────────────┤[39m
[90m│[39m Path          [90m│[39m cspell > flatted                                             [90m│[39m
[90m├───────────────[39m[90m┼──────────────────────────────────────────────────────────────┤[39m
[90m│[39m More info     [90m│[39m https://www.npmjs.com/advisories/1115357                     [90m│[39m
[90m└───────────────[39m[90m┴──────────────────────────────────────────────────────────────┘[39m
[90m┌───────────────[39m[90m┬──────────────────────────────────────────────────────────────┐[39m
[90m│[39m high          [90m│[39m Prototype Pollution via parse() in NodeJS flatted            [90m│[39m
[90m├───────────────[39m[90m┼──────────────────────────────────────────────────────────────┤[39m
[90m│[39m Package       [90m│[39m flatted                                                      [90m│[39m
[90m├───────────────[39m[90m┼──────────────────────────────────────────────────────────────┤[39m
[90m│[39m Patched in    [90m│[39m >=3.4.2                                                      [90m│[39m
[90m├───────────────[39m[90m┼──────────────────────────────────────────────────────────────┤[39m
[90m│[39m Dependency of [90m│[39m stylelint                                                    [90m│[39m
[90m├───────────────[39m[90m┼──────────────────────────────────────────────────────────────┤[39m
[90m│[39m Path          [90m│[39m stylelint > file-entry-cache > flat-cache > flatted          [90m│[39m
[90m├───────────────[39m[90m┼──────────────────────────────────────────────────────────────┤[39m
[90m│[39m More info     [90m│[39m https://www.npmjs.com/advisories/1115357                     [90m│[39m
[90m└───────────────[39m[90m┴──────────────────────────────────────────────────────────────┘[39m
[90m┌───────────────[39m[90m┬──────────────────────────────────────────────────────────────┐[39m
[90m│[39m high          [90m│[39m Prototype Pollution via parse() in NodeJS flatted            [90m│[39m
[90m├───────────────[39m[90m┼──────────────────────────────────────────────────────────────┤[39m
[90m│[39m Package       [90m│[39m flatted                                                      [90m│[39m
[90m├───────────────[39m[90m┼──────────────────────────────────────────────────────────────┤[39m
[90m│[39m Patched in    [90m│[39m >=3.4.2                                                      [90m│[39m
[90m├───────────────[39m[90m┼──────────────────────────────────────────────────────────────┤[39m
[90m│[39m Dependency of [90m│[39m eslint                                                       [90m│[39m
[90m├───────────────[39m[90m┼──────────────────────────────────────────────────────────────┤[39m
[90m│[39m Path          [90m│[39m eslint > file-entry-cache > flat-cache > flatted             [90m│[39m
[90m├───────────────[39m[90m┼──────────────────────────────────────────────────────────────┤[39m
[90m│[39m More info     [90m│[39m https://www.npmjs.com/advisories/1115357                     [90m│[39m
[90m└───────────────[39m[90m┴──────────────────────────────────────────────────────────────┘[39m
[90m┌───────────────[39m[90m┬──────────────────────────────────────────────────────────────┐[39m
[90m│[39m moderate      [90m│[39m smol-toml: Denial of Service via TOML documents containing   [90m│[39m
[90m│[39m               [90m│[39m thousands of consecutive commented lines                     [90m│[39m
[90m├───────────────[39m[90m┼──────────────────────────────────────────────────────────────┤[39m
[90m│[39m Package       [90m│[39m smol-toml                                                    [90m│[39m
[90m├───────────────[39m[90m┼──────────────────────────────────────────────────────────────┤[39m
[90m│[39m Patched in    [90m│[39m >=1.6.1                                                      [90m│[39m
[90m├───────────────[39m[90m┼──────────────────────────────────────────────────────────────┤[39m
[90m│[39m Dependency of [90m│[39m cspell                                                       [90m│[39m
[90m├───────────────[39m[90m┼──────────────────────────────────────────────────────────────┤[39m
[90m│[39m Path          [90m│[39m cspell > cspell-config-lib > smol-toml                       [90m│[39m
[90m├───────────────[39m[90m┼──────────────────────────────────────────────────────────────┤[39m
[90m│[39m More info     [90m│[39m https://www.npmjs.com/advisories/1115393                     [90m│[39m
[90m└───────────────[39m[90m┴──────────────────────────────────────────────────────────────┘[39m
[90m┌───────────────[39m[90m┬──────────────────────────────────────────────────────────────┐[39m
[90m│[39m moderate      [90m│[39m smol-toml: Denial of Service via TOML documents containing   [90m│[39m
[90m│[39m               [90m│[39m thousands of consecutive commented lines                     [90m│[39m
[90m├───────────────[39m[90m┼──────────────────────────────────────────────────────────────┤[39m
[90m│[39m Package       [90m│[39m smol-toml                                                    [90m│[39m
[90m├───────────────[39m[90m┼──────────────────────────────────────────────────────────────┤[39m
[90m│[39m Patched in    [90m│[39m >=1.6.1                                                      [90m│[39m
[90m├───────────────[39m[90m┼──────────────────────────────────────────────────────────────┤[39m
[90m│[39m Dependency of [90m│[39m cspell                                                       [90m│[39m
[90m├───────────────[39m[90m┼──────────────────────────────────────────────────────────────┤[39m
[90m│[39m Path          [90m│[39m cspell > cspell-lib > cspell-config-lib > smol-toml          [90m│[39m
[90m├───────────────[39m[90m┼──────────────────────────────────────────────────────────────┤[39m
[90m│[39m More info     [90m│[39m https://www.npmjs.com/advisories/1115393                     [90m│[39m
[90m└───────────────[39m[90m┴──────────────────────────────────────────────────────────────┘[39m
[90m┌───────────────[39m[90m┬──────────────────────────────────────────────────────────────┐[39m
[90m│[39m moderate      [90m│[39m Picomatch: Method Injection in POSIX Character Classes       [90m│[39m
[90m│[39m               [90m│[39m causes incorrect Glob Matching                               [90m│[39m
[90m├───────────────[39m[90m┼──────────────────────────────────────────────────────────────┤[39m
[90m│[39m Package       [90m│[39m picomatch                                                    [90m│[39m
[90m├───────────────[39m[90m┼──────────────────────────────────────────────────────────────┤[39m
[90m│[39m Patched in    [90m│[39m >=2.3.2                                                      [90m│[39m
[90m├───────────────[39m[90m┼──────────────────────────────────────────────────────────────┤[39m
[90m│[39m Dependency of [90m│[39m sass                                                         [90m│[39m
[90m├───────────────[39m[90m┼──────────────────────────────────────────────────────────────┤[39m
[90m│[39m Path          [90m│[39m sass > @parcel/watcher > micromatch > picomatch              [90m│[39m
[90m├───────────────[39m[90m┼──────────────────────────────────────────────────────────────┤[39m
[90m│[39m More info     [90m│[39m https://www.npmjs.com/advisories/1115549                     [90m│[39m
[90m└───────────────[39m[90m┴──────────────────────────────────────────────────────────────┘[39m
[90m┌───────────────[39m[90m┬──────────────────────────────────────────────────────────────┐[39m
[90m│[39m high          [90m│[39m Picomatch has a ReDoS vulnerability via extglob quantifiers  [90m│[39m
[90m├───────────────[39m[90m┼──────────────────────────────────────────────────────────────┤[39m
[90m│[39m Package       [90m│[39m picomatch                                                    [90m│[39m
[90m├───────────────[39m[90m┼──────────────────────────────────────────────────────────────┤[39m
[90m│[39m Patched in    [90m│[39m >=2.3.2                                                      [90m│[39m
[90m├───────────────[39m[90m┼──────────────────────────────────────────────────────────────┤[39m
[90m│[39m Dependency of [90m│[39m sass                                                         [90m│[39m
[90m├───────────────[39m[90m┼──────────────────────────────────────────────────────────────┤[39m
[90m│[39m Path          [90m│[39m sass > @parcel/watcher > micromatch > picomatch              [90m│[39m
[90m├───────────────[39m[90m┼──────────────────────────────────────────────────────────────┤[39m
[90m│[39m More info     [90m│[39m https://www.npmjs.com/advisories/1115552                     [90m│[39m
[90m└───────────────[39m[90m┴──────────────────────────────────────────────────────────────┘[39m
[90m┌───────────────[39m[90m┬──────────────────────────────────────────────────────────────┐[39m
[90m│[39m moderate      [90m│[39m Picomatch: Method Injection in POSIX Character Classes       [90m│[39m
[90m│[39m               [90m│[39m causes incorrect Glob Matching                               [90m│[39m
[90m├───────────────[39m[90m┼──────────────────────────────────────────────────────────────┤[39m
[90m│[39m Package       [90m│[39m picomatch                                                    [90m│[39m
[90m├───────────────[39m[90m┼──────────────────────────────────────────────────────────────┤[39m
[90m│[39m Patched in    [90m│[39m >=4.0.4                                                      [90m│[39m
[90m├───────────────[39m[90m┼──────────────────────────────────────────────────────────────┤[39m
[90m│[39m Dependency of [90m│[39m cspell                                                       [90m│[39m
[90m├───────────────[39m[90m┼──────────────────────────────────────────────────────────────┤[39m
[90m│[39m Path          [90m│[39m cspell > tinyglobby > picomatch                              [90m│[39m
[90m├───────────────[39m[90m┼──────────────────────────────────────────────────────────────┤[39m
[90m│[39m More info     [90m│[39m https://www.npmjs.com/advisories/1115551                     [90m│[39m
[90m└───────────────[39m[90m┴──────────────────────────────────────────────────────────────┘[39m
[90m┌───────────────[39m[90m┬──────────────────────────────────────────────────────────────┐[39m
[90m│[39m moderate      [90m│[39m Picomatch: Method Injection in POSIX Character Classes       [90m│[39m
[90m│[39m               [90m│[39m causes incorrect Glob Matching                               [90m│[39m
[90m├───────────────[39m[90m┼──────────────────────────────────────────────────────────────┤[39m
[90m│[39m Package       [90m│[39m picomatch                                                    [90m│[39m
[90m├───────────────[39m[90m┼──────────────────────────────────────────────────────────────┤[39m
[90m│[39m Patched in    [90m│[39m >=4.0.4                                                      [90m│[39m
[90m├───────────────[39m[90m┼──────────────────────────────────────────────────────────────┤[39m
[90m│[39m Dependency of [90m│[39m @typescript-eslint/parser                                    [90m│[39m
[90m├───────────────[39m[90m┼──────────────────────────────────────────────────────────────┤[39m
[90m│[39m Path          [90m│[39m @typescript-eslint/parser >                                  [90m│[39m
[90m│[39m               [90m│[39m @typescript-eslint/typescript-estree > tinyglobby >          [90m│[39m
[90m│[39m               [90m│[39m picomatch                                                    [90m│[39m
[90m├───────────────[39m[90m┼──────────────────────────────────────────────────────────────┤[39m
[90m│[39m More info     [90m│[39m https://www.npmjs.com/advisories/1115551                     [90m│[39m
[90m└───────────────[39m[90m┴──────────────────────────────────────────────────────────────┘[39m
[90m┌───────────────[39m[90m┬──────────────────────────────────────────────────────────────┐[39m
[90m│[39m moderate      [90m│[39m Picomatch: Method Injection in POSIX Character Classes       [90m│[39m
[90m│[39m               [90m│[39m causes incorrect Glob Matching                               [90m│[39m
[90m├───────────────[39m[90m┼──────────────────────────────────────────────────────────────┤[39m
[90m│[39m Package       [90m│[39m picomatch                                                    [90m│[39m
[90m├───────────────[39m[90m┼──────────────────────────────────────────────────────────────┤[39m
[90m│[39m Patched in    [90m│[39m >=4.0.4                                                      [90m│[39m
[90m├───────────────[39m[90m┼──────────────────────────────────────────────────────────────┤[39m
[90m│[39m Dependency of [90m│[39m @typescript-eslint/eslint-plugin                             [90m│[39m
[90m├───────────────[39m[90m┼──────────────────────────────────────────────────────────────┤[39m
[90m│[39m Path          [90m│[39m @typescript-eslint/eslint-plugin >                           [90m│[39m
[90m│[39m               [90m│[39m @typescript-eslint/type-utils >                              [90m│[39m
[90m│[39m               [90m│[39m @typescript-eslint/typescript-estree > tinyglobby >          [90m│[39m
[90m│[39m               [90m│[39m picomatch                                                    [90m│[39m
[90m├───────────────[39m[90m┼──────────────────────────────────────────────────────────────┤[39m
[90m│[39m More info     [90m│[39m https://www.npmjs.com/advisories/1115551                     [90m│[39m
[90m└───────────────[39m[90m┴──────────────────────────────────────────────────────────────┘[39m
[90m┌───────────────[39m[90m┬──────────────────────────────────────────────────────────────┐[39m
[90m│[39m moderate      [90m│[39m Picomatch: Method Injection in POSIX Character Classes       [90m│[39m
[90m│[39m               [90m│[39m causes incorrect Glob Matching                               [90m│[39m
[90m├───────────────[39m[90m┼──────────────────────────────────────────────────────────────┤[39m
[90m│[39m Package       [90m│[39m picomatch                                                    [90m│[39m
[90m├───────────────[39m[90m┼──────────────────────────────────────────────────────────────┤[39m
[90m│[39m Patched in    [90m│[39m >=4.0.4                                                      [90m│[39m
[90m├───────────────[39m[90m┼──────────────────────────────────────────────────────────────┤[39m
[90m│[39m Dependency of [90m│[39m @typescript-eslint/eslint-plugin                             [90m│[39m
[90m├───────────────[39m[90m┼──────────────────────────────────────────────────────────────┤[39m
[90m│[39m Path          [90m│[39m @typescript-eslint/eslint-plugin >                           [90m│[39m
[90m│[39m               [90m│[39m @typescript-eslint/type-utils > @typescript-eslint/utils >   [90m│[39m
[90m│[39m               [90m│[39m @typescript-eslint/typescript-estree > tinyglobby >          [90m│[39m
[90m│[39m               [90m│[39m picomatch                                                    [90m│[39m
[90m├───────────────[39m[90m┼──────────────────────────────────────────────────────────────┤[39m
[90m│[39m More info     [90m│[39m https://www.npmjs.com/advisories/1115551                     [90m│[39m
[90m└───────────────[39m[90m┴──────────────────────────────────────────────────────────────┘[39m
[90m┌───────────────[39m[90m┬──────────────────────────────────────────────────────────────┐[39m
[90m│[39m high          [90m│[39m Picomatch has a ReDoS vulnerability via extglob quantifiers  [90m│[39m
[90m├───────────────[39m[90m┼──────────────────────────────────────────────────────────────┤[39m
[90m│[39m Package       [90m│[39m picomatch                                                    [90m│[39m
[90m├───────────────[39m[90m┼──────────────────────────────────────────────────────────────┤[39m
[90m│[39m Patched in    [90m│[39m >=4.0.4                                                      [90m│[39m
[90m├───────────────[39m[90m┼──────────────────────────────────────────────────────────────┤[39m
[90m│[39m Dependency of [90m│[39m cspell                                                       [90m│[39m
[90m├───────────────[39m[90m┼──────────────────────────────────────────────────────────────┤[39m
[90m│[39m Path          [90m│[39m cspell > tinyglobby > picomatch                              [90m│[39m
[90m├───────────────[39m[90m┼──────────────────────────────────────────────────────────────┤[39m
[90m│[39m More info     [90m│[39m https://www.npmjs.com/advisories/1115554                     [90m│[39m
[90m└───────────────[39m[90m┴──────────────────────────────────────────────────────────────┘[39m
[90m┌───────────────[39m[90m┬──────────────────────────────────────────────────────────────┐[39m
[90m│[39m high          [90m│[39m Picomatch has a ReDoS vulnerability via extglob quantifiers  [90m│[39m
[90m├───────────────[39m[90m┼──────────────────────────────────────────────────────────────┤[39m
[90m│[39m Package       [90m│[39m picomatch                                                    [90m│[39m
[90m├───────────────[39m[90m┼──────────────────────────────────────────────────────────────┤[39m
[90m│[39m Patched in    [90m│[39m >=4.0.4                                                      [90m│[39m
[90m├───────────────[39m[90m┼──────────────────────────────────────────────────────────────┤[39m
[90m│[39m Dependency of [90m│[39m @typescript-eslint/parser                                    [90m│[39m
[90m├───────────────[39m[90m┼──────────────────────────────────────────────────────────────┤[39m
[90m│[39m Path          [90m│[39m @typescript-eslint/parser >                                  [90m│[39m
[90m│[39m               [90m│[39m @typescript-eslint/typescript-estree > tinyglobby >          [90m│[39m
[90m│[39m               [90m│[39m picomatch                                                    [90m│[39m
[90m├───────────────[39m[90m┼──────────────────────────────────────────────────────────────┤[39m
[90m│[39m More info     [90m│[39m https://www.npmjs.com/advisories/1115554                     [90m│[39m
[90m└───────────────[39m[90m┴──────────────────────────────────────────────────────────────┘[39m
[90m┌───────────────[39m[90m┬──────────────────────────────────────────────────────────────┐[39m
[90m│[39m high          [90m│[39m Picomatch has a ReDoS vulnerability via extglob quantifiers  [90m│[39m
[90m├───────────────[39m[90m┼──────────────────────────────────────────────────────────────┤[39m
[90m│[39m Package       [90m│[39m picomatch                                                    [90m│[39m
[90m├───────────────[39m[90m┼──────────────────────────────────────────────────────────────┤[39m
[90m│[39m Patched in    [90m│[39m >=4.0.4                                                      [90m│[39m
[90m├───────────────[39m[90m┼──────────────────────────────────────────────────────────────┤[39m
[90m│[39m Dependency of [90m│[39m @typescript-eslint/eslint-plugin                             [90m│[39m
[90m├───────────────[39m[90m┼──────────────────────────────────────────────────────────────┤[39m
[90m│[39m Path          [90m│[39m @typescript-eslint/eslint-plugin >                           [90m│[39m
[90m│[39m               [90m│[39m @typescript-eslint/type-utils >                              [90m│[39m
[90m│[39m               [90m│[39m @typescript-eslint/typescript-estree > tinyglobby >          [90m│[39m
[90m│[39m               [90m│[39m picomatch                                                    [90m│[39m
[90m├───────────────[39m[90m┼──────────────────────────────────────────────────────────────┤[39m
[90m│[39m More info     [90m│[39m https://www.npmjs.com/advisories/1115554                     [90m│[39m
[90m└───────────────[39m[90m┴──────────────────────────────────────────────────────────────┘[39m
[90m┌───────────────[39m[90m┬──────────────────────────────────────────────────────────────┐[39m
[90m│[39m high          [90m│[39m Picomatch has a ReDoS vulnerability via extglob quantifiers  [90m│[39m
[90m├───────────────[39m[90m┼──────────────────────────────────────────────────────────────┤[39m
[90m│[39m Package       [90m│[39m picomatch                                                    [90m│[39m
[90m├───────────────[39m[90m┼──────────────────────────────────────────────────────────────┤[39m
[90m│[39m Patched in    [90m│[39m >=4.0.4                                                      [90m│[39m
[90m├───────────────[39m[90m┼──────────────────────────────────────────────────────────────┤[39m
[90m│[39m Dependency of [90m│[39m @typescript-eslint/eslint-plugin                             [90m│[39m
[90m├───────────────[39m[90m┼──────────────────────────────────────────────────────────────┤[39m
[90m│[39m Path          [90m│[39m @typescript-eslint/eslint-plugin >                           [90m│[39m
[90m│[39m               [90m│[39m @typescript-eslint/type-utils > @typescript-eslint/utils >   [90m│[39m
[90m│[39m               [90m│[39m @typescript-eslint/typescript-estree > tinyglobby >          [90m│[39m
[90m│[39m               [90m│[39m picomatch                                                    [90m│[39m
[90m├───────────────[39m[90m┼──────────────────────────────────────────────────────────────┤[39m
[90m│[39m More info     [90m│[39m https://www.npmjs.com/advisories/1115554                     [90m│[39m
[90m└───────────────[39m[90m┴──────────────────────────────────────────────────────────────┘[39m
[90m┌───────────────[39m[90m┬──────────────────────────────────────────────────────────────┐[39m
[90m│[39m moderate      [90m│[39m yaml is vulnerable to Stack Overflow via deeply nested YAML  [90m│[39m
[90m│[39m               [90m│[39m collections                                                  [90m│[39m
[90m├───────────────[39m[90m┼──────────────────────────────────────────────────────────────┤[39m
[90m│[39m Package       [90m│[39m yaml                                                         [90m│[39m
[90m├───────────────[39m[90m┼──────────────────────────────────────────────────────────────┤[39m
[90m│[39m Patched in    [90m│[39m >=2.8.3                                                      [90m│[39m
[90m├───────────────[39m[90m┼──────────────────────────────────────────────────────────────┤[39m
[90m│[39m Dependency of [90m│[39m cspell                                                       [90m│[39m
[90m├───────────────[39m[90m┼──────────────────────────────────────────────────────────────┤[39m
[90m│[39m Path          [90m│[39m cspell > cspell-config-lib > yaml                            [90m│[39m
[90m├───────────────[39m[90m┼──────────────────────────────────────────────────────────────┤[39m
[90m│[39m More info     [90m│[39m https://www.npmjs.com/advisories/1115556                     [90m│[39m
[90m└───────────────[39m[90m┴──────────────────────────────────────────────────────────────┘[39m
[90m┌───────────────[39m[90m┬──────────────────────────────────────────────────────────────┐[39m
[90m│[39m moderate      [90m│[39m yaml is vulnerable to Stack Overflow via deeply nested YAML  [90m│[39m
[90m│[39m               [90m│[39m collections                                                  [90m│[39m
[90m├───────────────[39m[90m┼──────────────────────────────────────────────────────────────┤[39m
[90m│[39m Package       [90m│[39m yaml                                                         [90m│[39m
[90m├───────────────[39m[90m┼──────────────────────────────────────────────────────────────┤[39m
[90m│[39m Patched in    [90m│[39m >=2.8.3                                                      [90m│[39m
[90m├───────────────[39m[90m┼──────────────────────────────────────────────────────────────┤[39m
[90m│[39m Dependency of [90m│[39m cspell                                                       [90m│[39m
[90m├───────────────[39m[90m┼──────────────────────────────────────────────────────────────┤[39m
[90m│[39m Path          [90m│[39m cspell > cspell-lib > cspell-config-lib > yaml               [90m│[39m
[90m├───────────────[39m[90m┼──────────────────────────────────────────────────────────────┤[39m
[90m│[39m More info     [90m│[39m https://www.npmjs.com/advisories/1115556                     [90m│[39m
[90m└───────────────[39m[90m┴──────────────────────────────────────────────────────────────┘[39m
[90m┌───────────────[39m[90m┬──────────────────────────────────────────────────────────────┐[39m
[90m│[39m moderate      [90m│[39m PostCSS has XSS via Unescaped </style> in its CSS Stringify  [90m│[39m
[90m│[39m               [90m│[39m Output                                                       [90m│[39m
[90m├───────────────[39m[90m┼──────────────────────────────────────────────────────────────┤[39m
[90m│[39m Package       [90m│[39m postcss                                                      [90m│[39m
[90m├───────────────[39m[90m┼──────────────────────────────────────────────────────────────┤[39m
[90m│[39m Patched in    [90m│[39m >=8.5.10                                                     [90m│[39m
[90m├───────────────[39m[90m┼──────────────────────────────────────────────────────────────┤[39m
[90m│[39m Dependency of [90m│[39m css-loader                                                   [90m│[39m
[90m├───────────────[39m[90m┼──────────────────────────────────────────────────────────────┤[39m
[90m│[39m Path          [90m│[39m css-loader > postcss                                         [90m│[39m
[90m├───────────────[39m[90m┼──────────────────────────────────────────────────────────────┤[39m
[90m│[39m More info     [90m│[39m https://www.npmjs.com/advisories/1117015                     [90m│[39m
[90m└───────────────[39m[90m┴──────────────────────────────────────────────────────────────┘[39m
[90m┌───────────────[39m[90m┬──────────────────────────────────────────────────────────────┐[39m
[90m│[39m moderate      [90m│[39m PostCSS has XSS via Unescaped </style> in its CSS Stringify  [90m│[39m
[90m│[39m               [90m│[39m Output                                                       [90m│[39m
[90m├───────────────[39m[90m┼──────────────────────────────────────────────────────────────┤[39m
[90m│[39m Package       [90m│[39m postcss                                                      [90m│[39m
[90m├───────────────[39m[90m┼──────────────────────────────────────────────────────────────┤[39m
[90m│[39m Patched in    [90m│[39m >=8.5.10                                                     [90m│[39m
[90m├───────────────[39m[90m┼──────────────────────────────────────────────────────────────┤[39m
[90m│[39m Dependency of [90m│[39m stylelint                                                    [90m│[39m
[90m├───────────────[39m[90m┼──────────────────────────────────────────────────────────────┤[39m
[90m│[39m Path          [90m│[39m stylelint > postcss                                          [90m│[39m
[90m├───────────────[39m[90m┼──────────────────────────────────────────────────────────────┤[39m
[90m│[39m More info     [90m│[39m https://www.npmjs.com/advisories/1117015                     [90m│[39m
[90m└───────────────[39m[90m┴──────────────────────────────────────────────────────────────┘[39m
[90m┌───────────────[39m[90m┬──────────────────────────────────────────────────────────────┐[39m
[90m│[39m high          [90m│[39m PostCSS: Arbitrary file read and information disclosure via  [90m│[39m
[90m│[39m               [90m│[39m attacker-controlled sourceMappingURL in CSS comments         [90m│[39m
[90m├───────────────[39m[90m┼──────────────────────────────────────────────────────────────┤[39m
[90m│[39m Package       [90m│[39m postcss                                                      [90m│[39m
[90m├───────────────[39m[90m┼──────────────────────────────────────────────────────────────┤[39m
[90m│[39m Patched in    [90m│[39m >=8.5.12                                                     [90m│[39m
[90m├───────────────[39m[90m┼──────────────────────────────────────────────────────────────┤[39m
[90m│[39m Dependency of [90m│[39m css-loader                                                   [90m│[39m
[90m├───────────────[39m[90m┼──────────────────────────────────────────────────────────────┤[39m
[90m│[39m Path          [90m│[39m css-loader > postcss                                         [90m│[39m
[90m├───────────────[39m[90m┼──────────────────────────────────────────────────────────────┤[39m
[90m│[39m More info     [90m│[39m https://www.npmjs.com/advisories/1124252                     [90m│[39m
[90m└───────────────[39m[90m┴──────────────────────────────────────────────────────────────┘[39m
[90m┌───────────────[39m[90m┬──────────────────────────────────────────────────────────────┐[39m
[90m│[39m high          [90m│[39m PostCSS: Arbitrary file read and information disclosure via  [90m│[39m
[90m│[39m               [90m│[39m attacker-controlled sourceMappingURL in CSS comments         [90m│[39m
[90m├───────────────[39m[90m┼──────────────────────────────────────────────────────────────┤[39m
[90m│[39m Package       [90m│[39m postcss                                                      [90m│[39m
[90m├───────────────[39m[90m┼──────────────────────────────────────────────────────────────┤[39m
[90m│[39m Patched in    [90m│[39m >=8.5.12                                                     [90m│[39m
[90m├───────────────[39m[90m┼──────────────────────────────────────────────────────────────┤[39m
[90m│[39m Dependency of [90m│[39m stylelint                                                    [90m│[39m
[90m├───────────────[39m[90m┼──────────────────────────────────────────────────────────────┤[39m
[90m│[39m Path          [90m│[39m stylelint > postcss                                          [90m│[39m
[90m├───────────────[39m[90m┼──────────────────────────────────────────────────────────────┤[39m
[90m│[39m More info     [90m│[39m https://www.npmjs.com/advisories/1124252                     [90m│[39m
[90m└───────────────[39m[90m┴──────────────────────────────────────────────────────────────┘[39m
[90m┌───────────────[39m[90m┬──────────────────────────────────────────────────────────────┐[39m
[90m│[39m moderate      [90m│[39m PostCSS: incomplete fix of GHSA-6g55-p6wh-862q —             [90m│[39m
[90m│[39m               [90m│[39m attacker-controlled sourceMappingURL reads arbitrary .map    [90m│[39m
[90m│[39m               [90m│[39m files when `from` is unset                                   [90m│[39m
[90m├───────────────[39m[90m┼──────────────────────────────────────────────────────────────┤[39m
[90m│[39m Package       [90m│[39m postcss                                                      [90m│[39m
[90m├───────────────[39m[90m┼──────────────────────────────────────────────────────────────┤[39m
[90m│[39m Patched in    [90m│[39m >=8.5.23                                                     [90m│[39m
[90m├───────────────[39m[90m┼──────────────────────────────────────────────────────────────┤[39m
[90m│[39m Dependency of [90m│[39m css-loader                                                   [90m│[39m
[90m├───────────────[39m[90m┼──────────────────────────────────────────────────────────────┤[39m
[90m│[39m Path          [90m│[39m css-loader > postcss                                         [90m│[39m
[90m├───────────────[39m[90m┼──────────────────────────────────────────────────────────────┤[39m
[90m│[39m More info     [90m│[39m https://www.npmjs.com/advisories/1130709                     [90m│[39m
[90m└───────────────[39m[90m┴──────────────────────────────────────────────────────────────┘[39m
[90m┌───────────────[39m[90m┬──────────────────────────────────────────────────────────────┐[39m
[90m│[39m moderate      [90m│[39m PostCSS: incomplete fix of GHSA-6g55-p6wh-862q —             [90m│[39m
[90m│[39m               [90m│[39m attacker-controlled sourceMappingURL reads arbitrary .map    [90m│[39m
[90m│[39m               [90m│[39m files when `from` is unset                                   [90m│[39m
[90m├───────────────[39m[90m┼──────────────────────────────────────────────────────────────┤[39m
[90m│[39m Package       [90m│[39m postcss                                                      [90m│[39m
[90m├───────────────[39m[90m┼──────────────────────────────────────────────────────────────┤[39m
[90m│[39m Patched in    [90m│[39m >=8.5.23                                                     [90m│[39m
[90m├───────────────[39m[90m┼──────────────────────────────────────────────────────────────┤[39m
[90m│[39m Dependency of [90m│[39m stylelint                                                    [90m│[39m
[90m├───────────────[39m[90m┼──────────────────────────────────────────────────────────────┤[39m
[90m│[39m Path          [90m│[39m stylelint > postcss                                          [90m│[39m
[90m├───────────────[39m[90m┼──────────────────────────────────────────────────────────────┤[39m
[90m│[39m More info     [90m│[39m https://www.npmjs.com/advisories/1130709                     [90m│[39m
[90m└───────────────[39m[90m┴──────────────────────────────────────────────────────────────┘[39m
[90m┌───────────────[39m[90m┬──────────────────────────────────────────────────────────────┐[39m
[90m│[39m high          [90m│[39m PostCSS: Path Traversal in Previous Source Map Auto-Loading  [90m│[39m
[90m│[39m               [90m│[39m (sourceMappingURL) leads to Arbitrary .map File Disclosure   [90m│[39m
[90m├───────────────[39m[90m┼──────────────────────────────────────────────────────────────┤[39m
[90m│[39m Package       [90m│[39m postcss                                                      [90m│[39m
[90m├───────────────[39m[90m┼──────────────────────────────────────────────────────────────┤[39m
[90m│[39m Patched in    [90m│[39m >=8.5.18                                                     [90m│[39m
[90m├───────────────[39m[90m┼──────────────────────────────────────────────────────────────┤[39m
[90m│[39m Dependency of [90m│[39m css-loader                                                   [90m│[39m
[90m├───────────────[39m[90m┼──────────────────────────────────────────────────────────────┤[39m
[90m│[39m Path          [90m│[39m css-loader > postcss                                         [90m│[39m
[90m├───────────────[39m[90m┼──────────────────────────────────────────────────────────────┤[39m
[90m│[39m More info     [90m│[39m https://www.npmjs.com/advisories/1139510                     [90m│[39m
[90m└───────────────[39m[90m┴──────────────────────────────────────────────────────────────┘[39m
[90m┌───────────────[39m[90m┬──────────────────────────────────────────────────────────────┐[39m
[90m│[39m high          [90m│[39m PostCSS: Path Traversal in Previous Source Map Auto-Loading  [90m│[39m
[90m│[39m               [90m│[39m (sourceMappingURL) leads to Arbitrary .map File Disclosure   [90m│[39m
[90m├───────────────[39m[90m┼──────────────────────────────────────────────────────────────┤[39m
[90m│[39m Package       [90m│[39m postcss                                                      [90m│[39m
[90m├───────────────[39m[90m┼──────────────────────────────────────────────────────────────┤[39m
[90m│[39m Patched in    [90m│[39m >=8.5.18                                                     [90m│[39m
[90m├───────────────[39m[90m┼──────────────────────────────────────────────────────────────┤[39m
[90m│[39m Dependency of [90m│[39m stylelint                                                    [90m│[39m
[90m├───────────────[39m[90m┼──────────────────────────────────────────────────────────────┤[39m
[90m│[39m Path          [90m│[39m stylelint > postcss                                          [90m│[39m
[90m├───────────────[39m[90m┼──────────────────────────────────────────────────────────────┤[39m
[90m│[39m More info     [90m│[39m https://www.npmjs.com/advisories/1139510                     [90m│[39m
[90m└───────────────[39m[90m┴──────────────────────────────────────────────────────────────┘[39m
[90m┌───────────────[39m[90m┬──────────────────────────────────────────────────────────────┐[39m
[90m│[39m high          [90m│[39m Immutable is vulnerable to Prototype Pollution               [90m│[39m
[90m├───────────────[39m[90m┼──────────────────────────────────────────────────────────────┤[39m
[90m│[39m Package       [90m│[39m immutable                                                    [90m│[39m
[90m├───────────────[39m[90m┼──────────────────────────────────────────────────────────────┤[39m
[90m│[39m Patched in    [90m│[39m >=5.1.5                                                      [90m│[39m
[90m├───────────────[39m[90m┼──────────────────────────────────────────────────────────────┤[39m
[90m│[39m Dependency of [90m│[39m sass                                                         [90m│[39m
[90m├───────────────[39m[90m┼──────────────────────────────────────────────────────────────┤[39m
[90m│[39m Path          [90m│[39m sass > immutable                                             [90m│[39m
[90m├───────────────[39m[90m┼──────────────────────────────────────────────────────────────┤[39m
[90m│[39m More info     [90m│[39m https://www.npmjs.com/advisories/1117068                     [90m│[39m
[90m└───────────────[39m[90m┴──────────────────────────────────────────────────────────────┘[39m
[90m┌───────────────[39m[90m┬──────────────────────────────────────────────────────────────┐[39m
[90m│[39m high          [90m│[39m Immutable.js `List` 32-bit trie overflow → unrecoverable DoS [90m│[39m
[90m├───────────────[39m[90m┼──────────────────────────────────────────────────────────────┤[39m
[90m│[39m Package       [90m│[39m immutable                                                    [90m│[39m
[90m├───────────────[39m[90m┼──────────────────────────────────────────────────────────────┤[39m
[90m│[39m Patched in    [90m│[39m >=5.1.8                                                      [90m│[39m
[90m├───────────────[39m[90m┼──────────────────────────────────────────────────────────────┤[39m
[90m│[39m Dependency of [90m│[39m sass                                                         [90m│[39m
[90m├───────────────[39m[90m┼──────────────────────────────────────────────────────────────┤[39m
[90m│[39m Path          [90m│[39m sass > immutable                                             [90m│[39m
[90m├───────────────[39m[90m┼──────────────────────────────────────────────────────────────┤[39m
[90m│[39m More info     [90m│[39m https://www.npmjs.com/advisories/1124007                     [90m│[39m
[90m└───────────────[39m[90m┴──────────────────────────────────────────────────────────────┘[39m
[90m┌───────────────[39m[90m┬──────────────────────────────────────────────────────────────┐[39m
[90m│[39m high          [90m│[39m Immutable: Hash-collision algorithmic complexity denial of   [90m│[39m
[90m│[39m               [90m│[39m service in Immutable.Map/Set                                 [90m│[39m
[90m├───────────────[39m[90m┼──────────────────────────────────────────────────────────────┤[39m
[90m│[39m Package       [90m│[39m immutable                                                    [90m│[39m
[90m├───────────────[39m[90m┼──────────────────────────────────────────────────────────────┤[39m
[90m│[39m Patched in    [90m│[39m >=5.1.8                                                      [90m│[39m
[90m├───────────────[39m[90m┼──────────────────────────────────────────────────────────────┤[39m
[90m│[39m Dependency of [90m│[39m sass                                                         [90m│[39m
[90m├───────────────[39m[90m┼──────────────────────────────────────────────────────────────┤[39m
[90m│[39m Path          [90m│[39m sass > immutable                                             [90m│[39m
[90m├───────────────[39m[90m┼──────────────────────────────────────────────────────────────┤[39m
[90m│[39m More info     [90m│[39m https://www.npmjs.com/advisories/1144964                     [90m│[39m
[90m└───────────────[39m[90m┴──────────────────────────────────────────────────────────────┘[39m
[90m┌───────────────[39m[90m┬──────────────────────────────────────────────────────────────┐[39m
[90m│[39m high          [90m│[39m nanoid: non-secure generators can loop indefinitely with     [90m│[39m
[90m│[39m               [90m│[39m negative size                                                [90m│[39m
[90m├───────────────[39m[90m┼──────────────────────────────────────────────────────────────┤[39m
[90m│[39m Package       [90m│[39m nanoid                                                       [90m│[39m
[90m├───────────────[39m[90m┼──────────────────────────────────────────────────────────────┤[39m
[90m│[39m Patched in    [90m│[39m >=3.3.16                                                     [90m│[39m
[90m├───────────────[39m[90m┼──────────────────────────────────────────────────────────────┤[39m
[90m│[39m Dependency of [90m│[39m css-loader                                                   [90m│[39m
[90m├───────────────[39m[90m┼──────────────────────────────────────────────────────────────┤[39m
[90m│[39m Path          [90m│[39m css-loader > postcss > nanoid                                [90m│[39m
[90m├───────────────[39m[90m┼──────────────────────────────────────────────────────────────┤[39m
[90m│[39m More info     [90m│[39m https://www.npmjs.com/advisories/1138811                     [90m│[39m
[90m└───────────────[39m[90m┴──────────────────────────────────────────────────────────────┘[39m
[90m┌───────────────[39m[90m┬──────────────────────────────────────────────────────────────┐[39m
[90m│[39m high          [90m│[39m nanoid: non-secure generators can loop indefinitely with     [90m│[39m
[90m│[39m               [90m│[39m negative size                                                [90m│[39m
[90m├───────────────[39m[90m┼──────────────────────────────────────────────────────────────┤[39m
[90m│[39m Package       [90m│[39m nanoid                                                       [90m│[39m
[90m├───────────────[39m[90m┼──────────────────────────────────────────────────────────────┤[39m
[90m│[39m Patched in    [90m│[39m >=3.3.16                                                     [90m│[39m
[90m├───────────────[39m[90m┼──────────────────────────────────────────────────────────────┤[39m
[90m│[39m Dependency of [90m│[39m stylelint                                                    [90m│[39m
[90m├───────────────[39m[90m┼──────────────────────────────────────────────────────────────┤[39m
[90m│[39m Path          [90m│[39m stylelint > postcss > nanoid                                 [90m│[39m
[90m├───────────────[39m[90m┼──────────────────────────────────────────────────────────────┤[39m
[90m│[39m More info     [90m│[39m https://www.npmjs.com/advisories/1138811                     [90m│[39m
[90m└───────────────[39m[90m┴──────────────────────────────────────────────────────────────┘[39m
[90m┌───────────────[39m[90m┬──────────────────────────────────────────────────────────────┐[39m
[90m│[39m high          [90m│[39m nanoid: custom generators can loop indefinitely when size is [90m│[39m
[90m│[39m               [90m│[39m zero                                                         [90m│[39m
[90m├───────────────[39m[90m┼──────────────────────────────────────────────────────────────┤[39m
[90m│[39m Package       [90m│[39m nanoid                                                       [90m│[39m
[90m├───────────────[39m[90m┼──────────────────────────────────────────────────────────────┤[39m
[90m│[39m Patched in    [90m│[39m >=3.3.18                                                     [90m│[39m
[90m├───────────────[39m[90m┼──────────────────────────────────────────────────────────────┤[39m
[90m│[39m Dependency of [90m│[39m css-loader                                                   [90m│[39m
[90m├───────────────[39m[90m┼──────────────────────────────────────────────────────────────┤[39m
[90m│[39m Path          [90m│[39m css-loader > postcss > nanoid                                [90m│[39m
[90m├───────────────[39m[90m┼──────────────────────────────────────────────────────────────┤[39m
[90m│[39m More info     [90m│[39m https://www.npmjs.com/advisories/1139427                     [90m│[39m
[90m└───────────────[39m[90m┴──────────────────────────────────────────────────────────────┘[39m
[90m┌───────────────[39m[90m┬──────────────────────────────────────────────────────────────┐[39m
[90m│[39m high          [90m│[39m nanoid: custom generators can loop indefinitely when size is [90m│[39m
[90m│[39m               [90m│[39m zero                                                         [90m│[39m
[90m├───────────────[39m[90m┼──────────────────────────────────────────────────────────────┤[39m
[90m│[39m Package       [90m│[39m nanoid                                                       [90m│[39m
[90m├───────────────[39m[90m┼──────────────────────────────────────────────────────────────┤[39m
[90m│[39m Patched in    [90m│[39m >=3.3.18                                                     [90m│[39m
[90m├───────────────[39m[90m┼──────────────────────────────────────────────────────────────┤[39m
[90m│[39m Dependency of [90m│[39m stylelint                                                    [90m│[39m
[90m├───────────────[39m[90m┼──────────────────────────────────────────────────────────────┤[39m
[90m│[39m Path          [90m│[39m stylelint > postcss > nanoid                                 [90m│[39m
[90m├───────────────[39m[90m┼──────────────────────────────────────────────────────────────┤[39m
[90m│[39m More info     [90m│[39m https://www.npmjs.com/advisories/1139427                     [90m│[39m
[90m└───────────────[39m[90m┴──────────────────────────────────────────────────────────────┘[39m
[90m┌───────────────[39m[90m┬──────────────────────────────────────────────────────────────┐[39m
[90m│[39m moderate      [90m│[39m ajv has ReDoS when using `$data` option                      [90m│[39m
[90m├───────────────[39m[90m┼──────────────────────────────────────────────────────────────┤[39m
[90m│[39m Package       [90m│[39m ajv                                                          [90m│[39m
[90m├───────────────[39m[90m┼──────────────────────────────────────────────────────────────┤[39m
[90m│[39m Patched in    [90m│[39m >=6.14.0                                                     [90m│[39m
[90m├───────────────[39m[90m┼──────────────────────────────────────────────────────────────┤[39m
[90m│[39m Dependency of [90m│[39m eslint                                                       [90m│[39m
[90m├───────────────[39m[90m┼──────────────────────────────────────────────────────────────┤[39m
[90m│[39m Path          [90m│[39m eslint > ajv                                                 [90m│[39m
[90m├───────────────[39m[90m┼──────────────────────────────────────────────────────────────┤[39m
[90m│[39m More info     [90m│[39m https://www.npmjs.com/advisories/1113714                     [90m│[39m
[90m└───────────────[39m[90m┴──────────────────────────────────────────────────────────────┘[39m
[90m┌───────────────[39m[90m┬──────────────────────────────────────────────────────────────┐[39m
[90m│[39m moderate      [90m│[39m Picomatch: Method Injection in POSIX Character Classes       [90m│[39m
[90m│[39m               [90m│[39m causes incorrect Glob Matching                               [90m│[39m
[90m├───────────────[39m[90m┼──────────────────────────────────────────────────────────────┤[39m
[90m│[39m Package       [90m│[39m picomatch                                                    [90m│[39m
[90m├───────────────[39m[90m┼──────────────────────────────────────────────────────────────┤[39m
[90m│[39m Patched in    [90m│[39m >=2.3.2                                                      [90m│[39m
[90m├───────────────[39m[90m┼──────────────────────────────────────────────────────────────┤[39m
[90m│[39m Dependency of [90m│[39m stylelint                                                    [90m│[39m
[90m├───────────────[39m[90m┼──────────────────────────────────────────────────────────────┤[39m
[90m│[39m Path          [90m│[39m stylelint > micromatch > picomatch                           [90m│[39m
[90m├───────────────[39m[90m┼──────────────────────────────────────────────────────────────┤[39m
[90m│[39m More info     [90m│[39m https://www.npmjs.com/advisories/1115549                     [90m│[39m
[90m└───────────────[39m[90m┴──────────────────────────────────────────────────────────────┘[39m
[90m┌───────────────[39m[90m┬──────────────────────────────────────────────────────────────┐[39m
[90m│[39m moderate      [90m│[39m Picomatch: Method Injection in POSIX Character Classes       [90m│[39m
[90m│[39m               [90m│[39m causes incorrect Glob Matching                               [90m│[39m
[90m├───────────────[39m[90m┼──────────────────────────────────────────────────────────────┤[39m
[90m│[39m Package       [90m│[39m picomatch                                                    [90m│[39m
[90m├───────────────[39m[90m┼──────────────────────────────────────────────────────────────┤[39m
[90m│[39m Patched in    [90m│[39m >=2.3.2                                                      [90m│[39m
[90m├───────────────[39m[90m┼──────────────────────────────────────────────────────────────┤[39m
[90m│[39m Dependency of [90m│[39m stylelint                                                    [90m│[39m
[90m├───────────────[39m[90m┼──────────────────────────────────────────────────────────────┤[39m
[90m│[39m Path          [90m│[39m stylelint > globby > fast-glob > micromatch > picomatch      [90m│[39m
[90m├───────────────[39m[90m┼──────────────────────────────────────────────────────────────┤[39m
[90m│[39m More info     [90m│[39m https://www.npmjs.com/advisories/1115549                     [90m│[39m
[90m└───────────────[39m[90m┴──────────────────────────────────────────────────────────────┘[39m
[90m┌───────────────[39m[90m┬──────────────────────────────────────────────────────────────┐[39m
[90m│[39m moderate      [90m│[39m Picomatch: Method Injection in POSIX Character Classes       [90m│[39m
[90m│[39m               [90m│[39m causes incorrect Glob Matching                               [90m│[39m
[90m├───────────────[39m[90m┼──────────────────────────────────────────────────────────────┤[39m
[90m│[39m Package       [90m│[39m picomatch                                                    [90m│[39m
[90m├───────────────[39m[90m┼──────────────────────────────────────────────────────────────┤[39m
[90m│[39m Patched in    [90m│[39m >=2.3.2                                                      [90m│[39m
[90m├───────────────[39m[90m┼──────────────────────────────────────────────────────────────┤[39m
[90m│[39m Dependency of [90m│[39m eslint-plugin-typescript-sort-keys                           [90m│[39m
[90m├───────────────[39m[90m┼──────────────────────────────────────────────────────────────┤[39m
[90m│[39m Path          [90m│[39m eslint-plugin-typescript-sort-keys >                         [90m│[39m
[90m│[39m               [90m│[39m @typescript-eslint/experimental-utils >                      [90m│[39m
[90m│[39m               [90m│[39m @typescript-eslint/utils >                                   [90m│[39m
[90m│[39m               [90m│[39m @typescript-eslint/typescript-estree > globby > fast-glob >  [90m│[39m
[90m│[39m               [90m│[39m micromatch > picomatch                                       [90m│[39m
[90m├───────────────[39m[90m┼──────────────────────────────────────────────────────────────┤[39m
[90m│[39m More info     [90m│[39m https://www.npmjs.com/advisories/1115549                     [90m│[39m
[90m└───────────────[39m[90m┴──────────────────────────────────────────────────────────────┘[39m
[90m┌───────────────[39m[90m┬──────────────────────────────────────────────────────────────┐[39m
[90m│[39m high          [90m│[39m Picomatch has a ReDoS vulnerability via extglob quantifiers  [90m│[39m
[90m├───────────────[39m[90m┼──────────────────────────────────────────────────────────────┤[39m
[90m│[39m Package       [90m│[39m picomatch                                                    [90m│[39m
[90m├───────────────[39m[90m┼──────────────────────────────────────────────────────────────┤[39m
[90m│[39m Patched in    [90m│[39m >=2.3.2                                                      [90m│[39m
[90m├───────────────[39m[90m┼──────────────────────────────────────────────────────────────┤[39m
[90m│[39m Dependency of [90m│[39m stylelint                                                    [90m│[39m
[90m├───────────────[39m[90m┼──────────────────────────────────────────────────────────────┤[39m
[90m│[39m Path          [90m│[39m stylelint > micromatch > picomatch                           [90m│[39m
[90m├───────────────[39m[90m┼──────────────────────────────────────────────────────────────┤[39m
[90m│[39m More info     [90m│[39m https://www.npmjs.com/advisories/1115552                     [90m│[39m
[90m└───────────────[39m[90m┴──────────────────────────────────────────────────────────────┘[39m
[90m┌───────────────[39m[90m┬──────────────────────────────────────────────────────────────┐[39m
[90m│[39m high          [90m│[39m Picomatch has a ReDoS vulnerability via extglob quantifiers  [90m│[39m
[90m├───────────────[39m[90m┼──────────────────────────────────────────────────────────────┤[39m
[90m│[39m Package       [90m│[39m picomatch                                                    [90m│[39m
[90m├───────────────[39m[90m┼──────────────────────────────────────────────────────────────┤[39m
[90m│[39m Patched in    [90m│[39m >=2.3.2                                                      [90m│[39m
[90m├───────────────[39m[90m┼──────────────────────────────────────────────────────────────┤[39m
[90m│[39m Dependency of [90m│[39m stylelint                                                    [90m│[39m
[90m├───────────────[39m[90m┼──────────────────────────────────────────────────────────────┤[39m
[90m│[39m Path          [90m│[39m stylelint > globby > fast-glob > micromatch > picomatch      [90m│[39m
[90m├───────────────[39m[90m┼──────────────────────────────────────────────────────────────┤[39m
[90m│[39m More info     [90m│[39m https://www.npmjs.com/advisories/1115552                     [90m│[39m
[90m└───────────────[39m[90m┴──────────────────────────────────────────────────────────────┘[39m
[90m┌───────────────[39m[90m┬──────────────────────────────────────────────────────────────┐[39m
[90m│[39m high          [90m│[39m Picomatch has a ReDoS vulnerability via extglob quantifiers  [90m│[39m
[90m├───────────────[39m[90m┼──────────────────────────────────────────────────────────────┤[39m
[90m│[39m Package       [90m│[39m picomatch                                                    [90m│[39m
[90m├───────────────[39m[90m┼──────────────────────────────────────────────────────────────┤[39m
[90m│[39m Patched in    [90m│[39m >=2.3.2                                                      [90m│[39m
[90m├───────────────[39m[90m┼──────────────────────────────────────────────────────────────┤[39m
[90m│[39m Dependency of [90m│[39m eslint-plugin-typescript-sort-keys                           [90m│[39m
[90m├───────────────[39m[90m┼──────────────────────────────────────────────────────────────┤[39m
[90m│[39m Path          [90m│[39m eslint-plugin-typescript-sort-keys >                         [90m│[39m
[90m│[39m               [90m│[39m @typescript-eslint/experimental-utils >                      [90m│[39m
[90m│[39m               [90m│[39m @typescript-eslint/utils >                                   [90m│[39m
[90m│[39m               [90m│[39m @typescript-eslint/typescript-estree > globby > fast-glob >  [90m│[39m
[90m│[39m               [90m│[39m micromatch > picomatch                                       [90m│[39m
[90m├───────────────[39m[90m┼──────────────────────────────────────────────────────────────┤[39m
[90m│[39m More info     [90m│[39m https://www.npmjs.com/advisories/1115552                     [90m│[39m
[90m└───────────────[39m[90m┴──────────────────────────────────────────────────────────────┘[39m
95 vulnerabilities found - Packages audited: 509
Severity: 5 Low | 30 Moderate | 60 High
Done in 1.47s.
